product_id,brand,current_seller,category,price,rating_average,quantity_sold,current_price,fulfillment_type,favourite_count,review_count,revenue,cluster
1,Brand_A,Seller_1,Electronics,50000,3.0,1,50000,tiki_delivery,0,1,50000,2
2,Brand_A,Seller_1,Electronics,51000,3.1,2,51000,tiki_delivery,0,2,102000,2
3,Brand_A,Seller_1,Electronics,52000,3.2,3,52000,tiki_delivery,0,3,156000,2
4,Brand_A,Seller_1,Electronics,53000,3.3,4,53000,tiki_delivery,0,4,212000,2
5,Brand_A,Seller_1,Electronics,54000,3.4,5,54000,tiki_delivery,0,5,270000,2
6,Brand_A,Seller_1,Electronics,55000,3.5,6,55000,tiki_delivery,0,6,330000,2
7,Brand_A,Seller_1,Electronics,56000,3.6,7,56000,tiki_delivery,0,7,392000,2
8,Brand_A,Seller_1,Electronics,57000,3.7,8,57000,tiki_delivery,0,8,456000,2
9,Brand_A,Seller_1,Electronics,58000,3.8,9,58000,tiki_delivery,0,9,522000,2
10,Brand_A,Seller_1,Electronics,59000,3.9,10,59000,tiki_delivery,0,10,590000,2
11,Brand_A,Seller_1,Electronics,60000,4.0,11,60000,tiki_delivery,0,11,660000,2
12,Brand_A,Seller_1,Electronics,61000,4.1,12,61000,tiki_delivery,0,12,732000,2
13,Brand_A,Seller_1,Electronics,62000,4.2,13,62000,tiki_delivery,0,13,806000,2
14,Brand_A,Seller_1,Electronics,63000,4.3,14,63000,tiki_delivery,0,14,882000,0
15,Brand_A,Seller_1,Electronics,64000,4.4,15,64000,tiki_delivery,0,15,960000,0
16,Brand_A,Seller_1,Electronics,65000,4.5,16,65000,tiki_delivery,0,16,1040000,0
17,Brand_A,Seller_1,Electronics,66000,4.6,17,66000,tiki_delivery,0,17,1122000,0
18,Brand_A,Seller_1,Electronics,67000,4.7,18,67000,tiki_delivery,0,18,1206000,0
19,Brand_A,Seller_1,Electronics,68000,4.8,19,68000,tiki_delivery,0,19,1292000,0
20,Brand_A,Seller_1,Electronics,69000,4.9,20,69000,tiki_delivery,0,20,1380000,0
21,Brand_A,Seller_1,Electronics,70000,5.0,21,70000,tiki_delivery,0,21,1470000,0
22,Brand_A,Seller_1,Electronics,71000,3.0,22,71000,tiki_delivery,0,22,1562000,2
23,Brand_A,Seller_1,Electronics,72000,3.1,23,72000,tiki_delivery,0,23,1656000,2
24,Brand_A,Seller_1,Electronics,73000,3.2,24,73000,tiki_delivery,0,24,1752000,2
25,Brand_A,Seller_1,Electronics,74000,3.3,25,74000,tiki_delivery,0,25,1850000,2
26,Brand_A,Seller_1,Electronics,75000,3.4,26,75000,tiki_delivery,0,26,1950000,2
27,Brand_A,Seller_1,Electronics,76000,3.5,27,76000,tiki_delivery,0,27,2052000,2
28,Brand_A,Seller_1,Electronics,77000,3.6,28,77000,tiki_delivery,0,28,2156000,2
29,Brand_A,Seller_1,Electronics,78000,3.7,29,78000,tiki_delivery,0,29,2262000,2
30,Brand_A,Seller_1,Electronics,79000,3.8,30,79000,tiki_delivery,0,30,2370000,2
31,Brand_A,Seller_1,Electronics,80000,3.9,31,80000,tiki_delivery,0,31,2480000,2
32,Brand_A,Seller_1,Electronics,81000,4.0,32,81000,tiki_delivery,0,32,2592000,2
33,Brand_A,Seller_1,Electronics,82000,4.1,33,82000,tiki_delivery,0,33,2706000,2
34,Brand_A,Seller_1,Electronics,83000,4.2,34,83000,tiki_delivery,0,34,2822000,0
35,Brand_A,Seller_1,Electronics,84000,4.3,35,84000,tiki_delivery,0,35,2940000,0
36,Brand_A,Seller_1,Electronics,85000,4.4,36,85000,tiki_delivery,0,36,3060000,0
37,Brand_A,Seller_1,Electronics,86000,4.5,37,86000,tiki_delivery,0,37,3182000,0
38,Brand_A,Seller_1,Electronics,87000,4.6,38,87000,tiki_delivery,0,38,3306000,0
39,Brand_A,Seller_1,Electronics,88000,4.7,39,88000,tiki_delivery,0,39,3432000,0
40,Brand_A,Seller_1,Electronics,89000,4.8,40,89000,tiki_delivery,0,40,3560000,0
41,Brand_A,Seller_1,Electronics,90000,4.9,41,90000,tiki_delivery,0,41,3690000,0
42,Brand_A,Seller_1,Electronics,91000,5.0,42,91000,tiki_delivery,0,42,3822000,0
43,Brand_A,Seller_1,Electronics,92000,3.0,43,92000,tiki_delivery,0,43,3956000,2
44,Brand_A,Seller_1,Electronics,93000,3.1,44,93000,tiki_delivery,0,44,4092000,2
45,Brand_A,Seller_1,Electronics,94000,3.2,45,94000,tiki_delivery,0,45,4230000,2
46,Brand_A,Seller_1,Electronics,95000,3.3,46,95000,tiki_delivery,0,46,4370000,2
47,Brand_A,Seller_1,Electronics,96000,3.4,47,96000,tiki_delivery,0,47,4512000,2
48,Brand_A,Seller_1,Electronics,97000,3.5,48,97000,tiki_delivery,0,48,4656000,2
49,Brand_A,Seller_1,Electronics,98000,3.6,49,98000,tiki_delivery,0,49,4802000,2
50,Brand_A,Seller_1,Electronics,99000,3.7,50,99000,tiki_delivery,0,50,4950000,2
51,Brand_A,Seller_1,Electronics,100000,3.8,51,100000,tiki_delivery,0,1,5100000,2
52,Brand_A,Seller_1,Electronics,101000,3.9,52,101000,tiki_delivery,0,2,5252000,2
53,Brand_A,Seller_1,Electronics,102000,4.0,53,102000,tiki_delivery,0,3,5406000,0
54,Brand_A,Seller_1,Electronics,103000,4.1,54,103000,tiki_delivery,0,4,5562000,0
55,Brand_A,Seller_1,Electronics,104000,4.2,55,104000,tiki_delivery,0,5,5720000,0
56,Brand_A,Seller_1,Electronics,105000,4.3,56,105000,tiki_delivery,0,6,5880000,0
57,Brand_A,Seller_1,Electronics,106000,4.4,57,106000,tiki_delivery,0,7,6042000,0
58,Brand_A,Seller_1,Electronics,107000,4.5,58,107000,tiki_delivery,0,8,6206000,0
59,Brand_A,Seller_1,Electronics,108000,4.6,59,108000,tiki_delivery,0,9,6372000,0
60,Brand_A,Seller_1,Electronics,109000,4.7,60,109000,tiki_delivery,0,10,6540000,0
61,Brand_A,Seller_1,Electronics,110000,4.8,61,110000,tiki_delivery,0,11,6710000,0
62,Brand_A,Seller_1,Electronics,111000,4.9,62,111000,tiki_delivery,0,12,6882000,0
63,Brand_A,Seller_1,Electronics,112000,5.0,63,112000,tiki_delivery,0,13,7056000,0
64,Brand_A,Seller_1,Electronics,113000,3.0,64,113000,tiki_delivery,0,14,7232000,2
65,Brand_A,Seller_1,Electronics,114000,3.1,65,114000,tiki_delivery,0,15,7410000,2
66,Brand_A,Seller_1,Electronics,115000,3.2,66,115000,tiki_delivery,0,16,7590000,2
67,Brand_A,Seller_1,Electronics,116000,3.3,67,116000,tiki_delivery,0,17,7772000,2
68,Brand_A,Seller_1,Electronics,117000,3.4,68,117000,tiki_delivery,0,18,7956000,2
69,Brand_A,Seller_1,Electronics,118000,3.5,69,118000,tiki_delivery,0,19,8142000,2
70,Brand_A,Seller_1,Electronics,119000,3.6,70,119000,tiki_delivery,0,20,8330000,2
71,Brand_A,Seller_1,Electronics,120000,3.7,71,120000,tiki_delivery,0,21,8520000,2
72,Brand_A,Seller_1,Electronics,121000,3.8,72,121000,tiki_delivery,0,22,8712000,2
73,Brand_A,Seller_1,Electronics,122000,3.9,73,122000,tiki_delivery,0,23,8906000,0
74,Brand_A,Seller_1,Electronics,123000,4.0,74,123000,tiki_delivery,0,24,9102000,0
75,Brand_A,Seller_1,Electronics,124000,4.1,75,124000,tiki_delivery,0,25,9300000,0
76,Brand_A,Seller_1,Electronics,125000,4.2,76,125000,tiki_delivery,0,26,9500000,0
77,Brand_A,Seller_1,Electronics,126000,4.3,77,126000,tiki_delivery,0,27,9702000,0
78,Brand_A,Seller_1,Electronics,127000,4.4,78,127000,tiki_delivery,0,28,9906000,0
79,Brand_A,Seller_1,Electronics,128000,4.5,79,128000,tiki_delivery,0,29,10112000,0
80,Brand_A,Seller_1,Electronics,129000,4.6,80,129000,tiki_delivery,0,30,10320000,0
81,Brand_A,Seller_1,Electronics,130000,4.7,81,130000,tiki_delivery,0,31,10530000,0
82,Brand_A,Seller_1,Electronics,131000,4.8,82,131000,tiki_delivery,0,32,10742000,0
83,Brand_A,Seller_1,Electronics,132000,4.9,83,132000,tiki_delivery,0,33,10956000,0
84,Brand_A,Seller_1,Electronics,133000,5.0,84,133000,tiki_delivery,0,34,11172000,0
85,Brand_A,Seller_1,Electronics,134000,3.0,85,134000,tiki_delivery,0,35,11390000,2
86,Brand_A,Seller_1,Electronics,135000,3.1,86,135000,tiki_delivery,0,36,11610000,2
87,Brand_A,Seller_1,Electronics,136000,3.2,87,136000,tiki_delivery,0,37,11832000,2
88,Brand_A,Seller_1,Electronics,137000,3.3,88,137000,tiki_delivery,0,38,12056000,2
89,Brand_A,Seller_1,Electronics,138000,3.4,89,138000,tiki_delivery,0,39,12282000,2
90,Brand_A,Seller_1,Electronics,139000,3.5,90,139000,tiki_delivery,0,40,12510000,2
91,Brand_A,Seller_1,Electronics,140000,3.6,91,140000,tiki_delivery,0,41,12740000,2
92,Brand_A,Seller_1,Electronics,141000,3.7,92,141000,tiki_delivery,0,42,12972000,0
93,Brand_A,Seller_1,Electronics,142000,3.8,93,142000,tiki_delivery,0,43,13206000,0
94,Brand_A,Seller_1,Electronics,143000,3.9,94,143000,tiki_delivery,0,44,13442000,0
95,Brand_A,Seller_1,Electronics,144000,4.0,95,144000,tiki_delivery,0,45,13680000,0
96,Brand_A,Seller_1,Electronics,145000,4.1,96,145000,tiki_delivery,0,46,13920000,0
97,Brand_A,Seller_1,Electronics,146000,4.2,97,146000,tiki_delivery,0,47,14162000,0
98,Brand_A,Seller_1,Electronics,147000,4.3,98,147000,tiki_delivery,0,48,14406000,0
99,Brand_A,Seller_1,Electronics,148000,4.4,99,148000,tiki_delivery,0,49,14652000,0
100,Brand_A,Seller_1,Electronics,149000,4.5,100,149000,tiki_delivery,0,50,14900000,0
101,Brand_A,Seller_1,Electronics,150000,4.6,1,150000,tiki_delivery,0,1,150000,0
102,Brand_A,Seller_1,Electronics,151000,4.7,2,151000,tiki_delivery,0,2,302000,0
103,Brand_A,Seller_1,Electronics,152000,4.8,3,152000,tiki_delivery,0,3,456000,0
104,Brand_A,Seller_1,Electronics,153000,4.9,4,153000,tiki_delivery,0,4,612000,0
105,Brand_A,Seller_1,Electronics,154000,5.0,5,154000,tiki_delivery,0,5,770000,0
106,Brand_A,Seller_1,Electronics,155000,3.0,6,155000,tiki_delivery,0,6,930000,2
107,Brand_A,Seller_1,Electronics,156000,3.1,7,156000,tiki_delivery,0,7,1092000,2
108,Brand_A,Seller_1,Electronics,157000,3.2,8,157000,tiki_delivery,0,8,1256000,2
109,Brand_A,Seller_1,Electronics,158000,3.3,9,158000,tiki_delivery,0,9,1422000,2
110,Brand_A,Seller_1,Electronics,159000,3.4,10,159000,tiki_delivery,0,10,1590000,2
111,Brand_A,Seller_1,Electronics,160000,3.5,11,160000,tiki_delivery,0,11,1760000,2
112,Brand_A,Seller_1,Electronics,161000,3.6,12,161000,tiki_delivery,0,12,1932000,2
113,Brand_A,Seller_1,Electronics,162000,3.7,13,162000,tiki_delivery,0,13,2106000,2
114,Brand_A,Seller_1,Electronics,163000,3.8,14,163000,tiki_delivery,0,14,2282000,2
115,Brand_A,Seller_1,Electronics,164000,3.9,15,164000,tiki_delivery,0,15,2460000,2
116,Brand_A,Seller_1,Electronics,165000,4.0,16,165000,tiki_delivery,0,16,2640000,2
117,Brand_A,Seller_1,Electronics,166000,4.1,17,166000,tiki_delivery,0,17,2822000,2
118,Brand_A,Seller_1,Electronics,167000,4.2,18,167000,tiki_delivery,0,18,3006000,2
119,Brand_A,Seller_1,Electronics,168000,4.3,19,168000,tiki_delivery,0,19,3192000,0
120,Brand_A,Seller_1,Electronics,169000,4.4,20,169000,tiki_delivery,0,20,3380000,0
121,Brand_A,Seller_1,Electronics,170000,4.5,21,170000,tiki_delivery,0,21,3570000,0
122,Brand_A,Seller_1,Electronics,171000,4.6,22,171000,tiki_delivery,0,22,3762000,0
123,Brand_A,Seller_1,Electronics,172000,4.7,23,172000,tiki_delivery,0,23,3956000,0
124,Brand_A,Seller_1,Electronics,173000,4.8,24,173000,tiki_delivery,0,24,4152000,0
125,Brand_A,Seller_1,Electronics,174000,4.9,25,174000,tiki_delivery,0,25,4350000,0
126,Brand_A,Seller_1,Electronics,175000,5.0,26,175000,tiki_delivery,0,26,4550000,0
127,Brand_A,Seller_1,Electronics,176000,3.0,27,176000,tiki_delivery,0,27,4752000,2
128,Brand_A,Seller_1,Electronics,177000,3.1,28,177000,tiki_delivery,0,28,4956000,2
129,Brand_A,Seller_1,Electronics,178000,3.2,29,178000,tiki_delivery,0,29,5162000,2
130,Brand_A,Seller_1,Electronics,179000,3.3,30,179000,tiki_delivery,0,30,5370000,2
131,Brand_A,Seller_1,Electronics,180000,3.4,31,180000,tiki_delivery,0,31,5580000,2
132,Brand_A,Seller_1,Electronics,181000,3.5,32,181000,tiki_delivery,0,32,5792000,2
133,Brand_A,Seller_1,Electronics,182000,3.6,33,182000,tiki_delivery,0,33,6006000,2
134,Brand_A,Seller_1,Electronics,183000,3.7,34,183000,tiki_delivery,0,34,6222000,2
135,Brand_A,Seller_1,Electronics,184000,3.8,35,184000,tiki_delivery,0,35,6440000,2
136,Brand_A,Seller_1,Electronics,185000,3.9,36,185000,tiki_delivery,0,36,6660000,2
137,Brand_A,Seller_1,Electronics,186000,4.0,37,186000,tiki_delivery,0,37,6882000,2
138,Brand_A,Seller_1,Electronics,187000,4.1,38,187000,tiki_delivery,0,38,7106000,0
139,Brand_A,Seller_1,Electronics,188000,4.2,39,188000,tiki_delivery,0,39,7332000,0
140,Brand_A,Seller_1,Electronics,189000,4.3,40,189000,tiki_delivery,0,40,7560000,0
141,Brand_A,Seller_1,Electronics,190000,4.4,41,190000,tiki_delivery,0,41,7790000,0
142,Brand_A,Seller_1,Electronics,191000,4.5,42,191000,tiki_delivery,0,42,8022000,0
143,Brand_A,Seller_1,Electronics,192000,4.6,43,192000,tiki_delivery,0,43,8256000,0
144,Brand_A,Seller_1,Electronics,193000,4.7,44,193000,tiki_delivery,0,44,8492000,0
145,Brand_A,Seller_1,Electronics,194000,4.8,45,194000,tiki_delivery,0,45,8730000,0
146,Brand_A,Seller_1,Electronics,195000,4.9,46,195000,tiki_delivery,0,46,8970000,0
147,Brand_A,Seller_1,Electronics,196000,5.0,47,196000,tiki_delivery,0,47,9212000,0
148,Brand_A,Seller_1,Electronics,197000,3.0,48,197000,tiki_delivery,0,48,9456000,2
149,Brand_A,Seller_1,Electronics,198000,3.1,49,198000,tiki_delivery,0,49,9702000,2
150,Brand_A,Seller_1,Electronics,199000,3.2,50,199000,tiki_delivery,0,50,9950000,2
151,Brand_A,Seller_1,Electronics,200000,3.3,51,200000,tiki_delivery,0,1,10200000,2
152,Brand_A,Seller_1,Electronics,201000,3.4,52,201000,tiki_delivery,0,2,10452000,2
153,Brand_A,Seller_1,Electronics,202000,3.5,53,202000,tiki_delivery,0,3,10706000,2
154,Brand_A,Seller_1,Electronics,203000,3.6,54,203000,tiki_delivery,0,4,10962000,2
155,Brand_A,Seller_1,Electronics,204000,3.7,55,204000,tiki_delivery,0,5,11220000,2
156,Brand_A,Seller_1,Electronics,205000,3.8,56,205000,tiki_delivery,0,6,11480000,2
157,Brand_A,Seller_1,Electronics,206000,3.9,57,206000,tiki_delivery,0,7,11742000,2
158,Brand_A,Seller_1,Electronics,207000,4.0,58,207000,tiki_delivery,0,8,12006000,0
159,Brand_A,Seller_1,Electronics,208000,4.1,59,208000,tiki_delivery,0,9,12272000,0
160,Brand_A,Seller_1,Electronics,209000,4.2,60,209000,tiki_delivery,0,10,12540000,0
161,Brand_A,Seller_1,Electronics,210000,4.3,61,210000,tiki_delivery,0,11,12810000,0
162,Brand_A,Seller_1,Electronics,211000,4.4,62,211000,tiki_delivery,0,12,13082000,0
163,Brand_A,Seller_1,Electronics,212000,4.5,63,212000,tiki_delivery,0,13,13356000,0
164,Brand_A,Seller_1,Electronics,213000,4.6,64,213000,tiki_delivery,0,14,13632000,0
165,Brand_A,Seller_1,Electronics,214000,4.7,65,214000,tiki_delivery,0,15,13910000,0
166,Brand_A,Seller_1,Electronics,215000,4.8,66,215000,tiki_delivery,0,16,14190000,0
167,Brand_A,Seller_1,Electronics,216000,4.9,67,216000,tiki_delivery,0,17,14472000,0
168,Brand_A,Seller_1,Electronics,217000,5.0,68,217000,tiki_delivery,0,18,14756000,0
169,Brand_A,Seller_1,Electronics,218000,3.0,69,218000,tiki_delivery,0,19,15042000,2
170,Brand_A,Seller_1,Electronics,219000,3.1,70,219000,tiki_delivery,0,20,15330000,2
171,Brand_A,Seller_1,Electronics,220000,3.2,71,220000,tiki_delivery,0,21,15620000,2
172,Brand_A,Seller_1,Electronics,221000,3.3,72,221000,tiki_delivery,0,22,15912000,2
173,Brand_A,Seller_1,Electronics,222000,3.4,73,222000,tiki_delivery,0,23,16206000,2
174,Brand_A,Seller_1,Electronics,223000,3.5,74,223000,tiki_delivery,0,24,16502000,2
175,Brand_A,Seller_1,Electronics,224000,3.6,75,224000,tiki_delivery,0,25,16800000,2
176,Brand_A,Seller_1,Electronics,225000,3.7,76,225000,tiki_delivery,0,26,17100000,2
177,Brand_A,Seller_1,Electronics,226000,3.8,77,226000,tiki_delivery,0,27,17402000,0
178,Brand_A,Seller_1,Electronics,227000,3.9,78,227000,tiki_delivery,0,28,17706000,0
179,Brand_A,Seller_1,Electronics,228000,4.0,79,228000,tiki_delivery,0,29,18012000,0
180,Brand_A,Seller_1,Electronics,229000,4.1,80,229000,tiki_delivery,0,30,18320000,0
181,Brand_A,Seller_1,Electronics,230000,4.2,81,230000,tiki_delivery,0,31,18630000,0
182,Brand_A,Seller_1,Electronics,231000,4.3,82,231000,tiki_delivery,0,32,18942000,0
183,Brand_A,Seller_1,Electronics,232000,4.4,83,232000,tiki_delivery,0,33,19256000,0
184,Brand_A,Seller_1,Electronics,233000,4.5,84,233000,tiki_delivery,0,34,19572000,0
185,Brand_A,Seller_1,Electronics,234000,4.6,85,234000,tiki_delivery,0,35,19890000,0
186,Brand_A,Seller_1,Electronics,235000,4.7,86,235000,tiki_delivery,0,36,20210000,0
187,Brand_A,Seller_1,Electronics,236000,4.8,87,236000,tiki_delivery,0,37,20532000,0
188,Brand_A,Seller_1,Electronics,237000,4.9,88,237000,tiki_delivery,0,38,20856000,0
189,Brand_A,Seller_1,Electronics,238000,5.0,89,238000,tiki_delivery,0,39,21182000,0
190,Brand_A,Seller_1,Electronics,239000,3.0,90,239000,tiki_delivery,0,40,21510000,2
191,Brand_A,Seller_1,Electronics,240000,3.1,91,240000,tiki_delivery,0,41,21840000,2
192,Brand_A,Seller_1,Electronics,241000,3.2,92,241000,tiki_delivery,0,42,22172000,2
193,Brand_A,Seller_1,Electronics,242000,3.3,93,242000,tiki_delivery,0,43,22506000,2
194,Brand_A,Seller_1,Electronics,243000,3.4,94,243000,tiki_delivery,0,44,22842000,2
195,Brand_A,Seller_1,Electronics,244000,3.5,95,244000,tiki_delivery,0,45,23180000,2
196,Brand_A,Seller_1,Electronics,245000,3.6,96,245000,tiki_delivery,0,46,23520000,3
197,Brand_A,Seller_1,Electronics,246000,3.7,97,246000,tiki_delivery,0,47,23862000,3
198,Brand_A,Seller_1,Electronics,247000,3.8,98,247000,tiki_delivery,0,48,24206000,0
199,Brand_A,Seller_1,Electronics,248000,3.9,99,248000,tiki_delivery,0,49,24552000,0
200,Brand_A,Seller_1,Electronics,249000,4.0,100,249000,tiki_delivery,0,50,24900000,0
201,Brand_A,Seller_2,Electronics,250000,4.1,1,250000,tiki_delivery,0,1,250000,2
202,Brand_A,Seller_2,Electronics,251000,4.2,2,251000,tiki_delivery,0,2,502000,2
203,Brand_A,Seller_2,Electronics,252000,4.3,3,252000,tiki_delivery,0,3,756000,2
204,Brand_A,Seller_2,Electronics,253000,4.4,4,253000,tiki_delivery,0,4,1012000,0
205,Brand_A,Seller_2,Electronics,254000,4.5,5,254000,tiki_delivery,0,5,1270000,0
206,Brand_A,Seller_2,Electronics,255000,4.6,6,255000,tiki_delivery,0,6,1530000,0
207,Brand_A,Seller_2,Electronics,256000,4.7,7,256000,tiki_delivery,0,7,1792000,0
208,Brand_A,Seller_2,Electronics,257000,4.8,8,257000,tiki_delivery,0,8,2056000,0
209,Brand_A,Seller_2,Electronics,258000,4.9,9,258000,tiki_delivery,0,9,2322000,0
210,Brand_A,Seller_2,Electronics,259000,5.0,10,259000,tiki_delivery,0,10,2590000,0
211,Brand_A,Seller_2,Electronics,260000,3.0,11,260000,tiki_delivery,0,11,2860000,2
212,Brand_A,Seller_2,Electronics,261000,3.1,12,261000,tiki_delivery,0,12,3132000,2
213,Brand_A,Seller_2,Electronics,262000,3.2,13,262000,tiki_delivery,0,13,3406000,2
214,Brand_A,Seller_2,Electronics,263000,3.3,14,263000,tiki_delivery,0,14,3682000,2
215,Brand_A,Seller_2,Electronics,264000,3.4,15,264000,tiki_delivery,0,15,3960000,2
216,Brand_A,Seller_2,Electronics,265000,3.5,16,265000,tiki_delivery,0,16,4240000,2
217,Brand_A,Seller_2,Electronics,266000,3.6,17,266000,tiki_delivery,0,17,4522000,2
218,Brand_A,Seller_2,Electronics,267000,3.7,18,267000,tiki_delivery,0,18,4806000,2
219,Brand_A,Seller_2,Electronics,268000,3.8,19,268000,tiki_delivery,0,19,5092000,2
220,Brand_A,Seller_2,Electronics,269000,3.9,20,269000,tiki_delivery,0,20,5380000,2
221,Brand_A,Seller_2,Electronics,270000,4.0,21,270000,tiki_delivery,0,21,5670000,2
222,Brand_A,Seller_2,Electronics,271000,4.1,22,271000,tiki_delivery,0,22,5962000,2
223,Brand_A,Seller_2,Electronics,272000,4.2,23,272000,tiki_delivery,0,23,6256000,0
224,Brand_A,Seller_2,Electronics,273000,4.3,24,273000,tiki_delivery,0,24,6552000,0
225,Brand_A,Seller_2,Electronics,274000,4.4,25,274000,tiki_delivery,0,25,6850000,0
226,Brand_A,Seller_2,Electronics,275000,4.5,26,275000,tiki_delivery,0,26,7150000,0
227,Brand_A,Seller_2,Electronics,276000,4.6,27,276000,tiki_delivery,0,27,7452000,0
228,Brand_A,Seller_2,Electronics,277000,4.7,28,277000,tiki_delivery,0,28,7756000,0
229,Brand_A,Seller_2,Electronics,278000,4.8,29,278000,tiki_delivery,0,29,8062000,0
230,Brand_A,Seller_2,Electronics,279000,4.9,30,279000,tiki_delivery,0,30,8370000,0
231,Brand_A,Seller_2,Electronics,280000,5.0,31,280000,tiki_delivery,0,31,8680000,0
232,Brand_A,Seller_2,Electronics,281000,3.0,32,281000,tiki_delivery,0,32,8992000,2
233,Brand_A,Seller_2,Electronics,282000,3.1,33,282000,tiki_delivery,0,33,9306000,2
234,Brand_A,Seller_2,Electronics,283000,3.2,34,283000,tiki_delivery,0,34,9622000,2
235,Brand_A,Seller_2,Electronics,284000,3.3,35,284000,tiki_delivery,0,35,9940000,2
236,Brand_A,Seller_2,Electronics,285000,3.4,36,285000,tiki_delivery,0,36,10260000,2
237,Brand_A,Seller_2,Electronics,286000,3.5,37,286000,tiki_delivery,0,37,10582000,2
238,Brand_A,Seller_2,Electronics,287000,3.6,38,287000,tiki_delivery,0,38,10906000,2
239,Brand_A,Seller_2,Electronics,288000,3.7,39,288000,tiki_delivery,0,39,11232000,2
240,Brand_A,Seller_2,Electronics,289000,3.8,40,289000,tiki_delivery,0,40,11560000,2
241,Brand_A,Seller_2,Electronics,290000,3.9,41,290000,tiki_delivery,0,41,11890000,2
242,Brand_A,Seller_2,Electronics,291000,4.0,42,291000,tiki_delivery,0,42,12222000,2
243,Brand_A,Seller_2,Electronics,292000,4.1,43,292000,tiki_delivery,0,43,12556000,0
244,Brand_A,Seller_2,Electronics,293000,4.2,44,293000,tiki_delivery,0,44,12892000,0
245,Brand_A,Seller_2,Electronics,294000,4.3,45,294000,tiki_delivery,0,45,13230000,0
246,Brand_A,Seller_2,Electronics,295000,4.4,46,295000,tiki_delivery,0,46,13570000,0
247,Brand_A,Seller_2,Electronics,296000,4.5,47,296000,tiki_delivery,0,47,13912000,0
248,Brand_A,Seller_2,Electronics,297000,4.6,48,297000,tiki_delivery,0,48,14256000,0
249,Brand_A,Seller_2,Electronics,298000,4.7,49,298000,tiki_delivery,0,49,14602000,0
250,Brand_A,Seller_2,Electronics,299000,4.8,50,299000,tiki_delivery,0,50,14950000,0
251,Brand_A,Seller_2,Electronics,300000,4.9,51,300000,tiki_delivery,0,1,15300000,0
252,Brand_A,Seller_2,Electronics,301000,5.0,52,301000,tiki_delivery,0,2,15652000,0
253,Brand_A,Seller_2,Electronics,302000,3.0,53,302000,tiki_delivery,0,3,16006000,2
254,Brand_A,Seller_2,Electronics,303000,3.1,54,303000,tiki_delivery,0,4,16362000,2
255,Brand_A,Seller_2,Electronics,304000,3.2,55,304000,tiki_delivery,0,5,16720000,2
256,Brand_A,Seller_2,Electronics,305000,3.3,56,305000,tiki_delivery,0,6,17080000,2
257,Brand_A,Seller_2,Electronics,306000,3.4,57,306000,tiki_delivery,0,7,17442000,2
258,Brand_A,Seller_2,Electronics,307000,3.5,58,307000,tiki_delivery,0,8,17806000,2
259,Brand_A,Seller_2,Electronics,308000,3.6,59,308000,tiki_delivery,0,9,18172000,2
260,Brand_A,Seller_2,Electronics,309000,3.7,60,309000,tiki_delivery,0,10,18540000,2
261,Brand_A,Seller_2,Electronics,310000,3.8,61,310000,tiki_delivery,0,11,18910000,2
262,Brand_A,Seller_2,Electronics,311000,3.9,62,311000,tiki_delivery,0,12,19282000,0
263,Brand_A,Seller_2,Electronics,312000,4.0,63,312000,tiki_delivery,0,13,19656000,0
264,Brand_A,Seller_2,Electronics,313000,4.1,64,313000,tiki_delivery,0,14,20032000,0
265,Brand_A,Seller_2,Electronics,314000,4.2,65,314000,tiki_delivery,0,15,20410000,0
266,Brand_A,Seller_2,Electronics,315000,4.3,66,315000,tiki_delivery,0,16,20790000,0
267,Brand_A,Seller_2,Electronics,316000,4.4,67,316000,tiki_delivery,0,17,21172000,0
268,Brand_A,Seller_2,Electronics,317000,4.5,68,317000,tiki_delivery,0,18,21556000,0
269,Brand_A,Seller_2,Electronics,318000,4.6,69,318000,tiki_delivery,0,19,21942000,0
270,Brand_A,Seller_2,Electronics,319000,4.7,70,319000,tiki_delivery,0,20,22330000,0
271,Brand_A,Seller_2,Electronics,320000,4.8,71,320000,tiki_delivery,0,21,22720000,0
272,Brand_A,Seller_2,Electronics,321000,4.9,72,321000,tiki_delivery,0,22,23112000,0
273,Brand_A,Seller_2,Electronics,322000,5.0,73,322000,tiki_delivery,0,23,23506000,0
274,Brand_A,Seller_2,Electronics,323000,3.0,74,323000,tiki_delivery,0,24,23902000,2
275,Brand_A,Seller_2,Electronics,324000,3.1,75,324000,tiki_delivery,0,25,24300000,2
276,Brand_A,Seller_2,Electronics,325000,3.2,76,325000,tiki_delivery,0,26,24700000,2
277,Brand_A,Seller_2,Electronics,326000,3.3,77,326000,tiki_delivery,0,27,25102000,2
278,Brand_A,Seller_2,Electronics,327000,3.4,78,327000,tiki_delivery,0,28,25506000,2
279,Brand_A,Seller_2,Electronics,328000,3.5,79,328000,tiki_delivery,0,29,25912000,2
280,Brand_A,Seller_2,Electronics,329000,3.6,80,329000,tiki_delivery,0,30,26320000,2
281,Brand_A,Seller_2,Electronics,330000,3.7,81,330000,tiki_delivery,0,31,26730000,2
282,Brand_A,Seller_2,Electronics,331000,3.8,82,331000,tiki_delivery,0,32,27142000,0
283,Brand_A,Seller_2,Electronics,332000,3.9,83,332000,tiki_delivery,0,33,27556000,0
284,Brand_A,Seller_2,Electronics,333000,4.0,84,333000,tiki_delivery,0,34,27972000,0
285,Brand_A,Seller_2,Electronics,334000,4.1,85,334000,tiki_delivery,0,35,28390000,0
286,Brand_A,Seller_2,Electronics,335000,4.2,86,335000,tiki_delivery,0,36,28810000,0
287,Brand_A,Seller_2,Electronics,336000,4.3,87,336000,tiki_delivery,0,37,29232000,0
288,Brand_A,Seller_2,Electronics,337000,4.4,88,337000,tiki_delivery,0,38,29656000,0
289,Brand_A,Seller_2,Electronics,338000,4.5,89,338000,tiki_delivery,0,39,30082000,0
290,Brand_A,Seller_2,Electronics,339000,4.6,90,339000,tiki_delivery,0,40,30510000,0
291,Brand_A,Seller_2,Electronics,340000,4.7,91,340000,tiki_delivery,0,41,30940000,0
292,Brand_A,Seller_2,Electronics,341000,4.8,92,341000,tiki_delivery,0,42,31372000,0
293,Brand_A,Seller_2,Electronics,342000,4.9,93,342000,tiki_delivery,0,43,31806000,0
294,Brand_A,Seller_2,Electronics,343000,5.0,94,343000,tiki_delivery,0,44,32242000,0
295,Brand_A,Seller_2,Electronics,344000,3.0,95,344000,tiki_delivery,0,45,32680000,3
296,Brand_A,Seller_2,Electronics,345000,3.1,96,345000,tiki_delivery,0,46,33120000,3
297,Brand_A,Seller_2,Electronics,346000,3.2,97,346000,tiki_delivery,0,47,33562000,3
298,Brand_A,Seller_2,Electronics,347000,3.3,98,347000,tiki_delivery,0,48,34006000,3
299,Brand_A,Seller_2,Electronics,348000,3.4,99,348000,tiki_delivery,0,49,34452000,3
300,Brand_A,Seller_2,Electronics,349000,3.5,100,349000,tiki_delivery,0,50,34900000,3
301,Brand_B,Seller_2,Electronics,350000,3.6,1,350000,tiki_delivery,0,1,350000,2
302,Brand_B,Seller_2,Electronics,351000,3.7,2,351000,tiki_delivery,0,2,702000,2
303,Brand_B,Seller_2,Electronics,352000,3.8,3,352000,tiki_delivery,0,3,1056000,2
304,Brand_B,Seller_2,Electronics,353000,3.9,4,353000,tiki_delivery,0,4,1412000,2
305,Brand_B,Seller_2,Electronics,354000,4.0,5,354000,tiki_delivery,0,5,1770000,2
306,Brand_B,Seller_2,Electronics,355000,4.1,6,355000,tiki_delivery,0,6,2130000,2
307,Brand_B,Seller_2,Electronics,356000,4.2,7,356000,tiki_delivery,0,7,2492000,1
308,Brand_B,Seller_2,Electronics,357000,4.3,8,357000,tiki_delivery,0,8,2856000,1
309,Brand_B,Seller_2,Electronics,358000,4.4,9,358000,tiki_delivery,0,9,3222000,1
310,Brand_B,Seller_2,Electronics,359000,4.5,10,359000,tiki_delivery,0,10,3590000,1
311,Brand_B,Seller_2,Electronics,360000,4.6,11,360000,tiki_delivery,0,11,3960000,0
312,Brand_B,Seller_2,Electronics,361000,4.7,12,361000,tiki_delivery,0,12,4332000,0
313,Brand_B,Seller_2,Electronics,362000,4.8,13,362000,tiki_delivery,0,13,4706000,0
314,Brand_B,Seller_2,Electronics,363000,4.9,14,363000,tiki_delivery,0,14,5082000,0
315,Brand_B,Seller_2,Electronics,364000,5.0,15,364000,tiki_delivery,0,15,5460000,0
316,Brand_B,Seller_2,Electronics,365000,3.0,16,365000,tiki_delivery,0,16,5840000,2
317,Brand_B,Seller_2,Electronics,366000,3.1,17,366000,tiki_delivery,0,17,6222000,2
318,Brand_B,Seller_2,Electronics,367000,3.2,18,367000,tiki_delivery,0,18,6606000,2
319,Brand_B,Seller_2,Electronics,368000,3.3,19,368000,tiki_delivery,0,19,6992000,2
320,Brand_B,Seller_2,Electronics,369000,3.4,20,369000,tiki_delivery,0,20,7380000,2
321,Brand_B,Seller_2,Electronics,370000,3.5,21,370000,tiki_delivery,0,21,7770000,2
322,Brand_B,Seller_2,Electronics,371000,3.6,22,371000,tiki_delivery,0,22,8162000,2
323,Brand_B,Seller_2,Electronics,372000,3.7,23,372000,tiki_delivery,0,23,8556000,2
324,Brand_B,Seller_2,Electronics,373000,3.8,24,373000,tiki_delivery,0,24,8952000,2
325,Brand_B,Seller_2,Electronics,374000,3.9,25,374000,tiki_delivery,0,25,9350000,2
326,Brand_B,Seller_2,Electronics,375000,4.0,26,375000,tiki_delivery,0,26,9750000,2
327,Brand_B,Seller_2,Electronics,376000,4.1,27,376000,tiki_delivery,0,27,10152000,2
328,Brand_B,Seller_2,Electronics,377000,4.2,28,377000,tiki_delivery,0,28,10556000,0
329,Brand_B,Seller_2,Electronics,378000,4.3,29,378000,tiki_delivery,0,29,10962000,0
330,Brand_B,Seller_2,Electronics,379000,4.4,30,379000,tiki_delivery,0,30,11370000,0
331,Brand_B,Seller_2,Electronics,380000,4.5,31,380000,tiki_delivery,0,31,11780000,0
332,Brand_B,Seller_2,Electronics,381000,4.6,32,381000,tiki_delivery,0,32,12192000,0
333,Brand_B,Seller_2,Electronics,382000,4.7,33,382000,tiki_delivery,0,33,12606000,0
334,Brand_B,Seller_2,Electronics,383000,4.8,34,383000,tiki_delivery,0,34,13022000,0
335,Brand_B,Seller_2,Electronics,384000,4.9,35,384000,tiki_delivery,0,35,13440000,0
336,Brand_B,Seller_2,Electronics,385000,5.0,36,385000,tiki_delivery,0,36,13860000,0
337,Brand_B,Seller_2,Electronics,386000,3.0,37,386000,tiki_delivery,0,37,14282000,2
338,Brand_B,Seller_2,Electronics,387000,3.1,38,387000,tiki_delivery,0,38,14706000,2
339,Brand_B,Seller_2,Electronics,388000,3.2,39,388000,tiki_delivery,0,39,15132000,2
340,Brand_B,Seller_2,Electronics,389000,3.3,40,389000,tiki_delivery,0,40,15560000,2
341,Brand_B,Seller_2,Electronics,390000,3.4,41,390000,tiki_delivery,0,41,15990000,2
342,Brand_B,Seller_2,Electronics,391000,3.5,42,391000,tiki_delivery,0,42,16422000,2
343,Brand_B,Seller_2,Electronics,392000,3.6,43,392000,tiki_delivery,0,43,16856000,2
344,Brand_B,Seller_2,Electronics,393000,3.7,44,393000,tiki_delivery,0,44,17292000,2
345,Brand_B,Seller_2,Electronics,394000,3.8,45,394000,tiki_delivery,0,45,17730000,2
346,Brand_B,Seller_2,Electronics,395000,3.9,46,395000,tiki_delivery,0,46,18170000,2
347,Brand_B,Seller_2,Electronics,396000,4.0,47,396000,tiki_delivery,0,47,18612000,2
348,Brand_B,Seller_2,Electronics,397000,4.1,48,397000,tiki_delivery,0,48,19056000,0
349,Brand_B,Seller_2,Electronics,398000,4.2,49,398000,tiki_delivery,0,49,19502000,0
350,Brand_B,Seller_2,Electronics,399000,4.3,50,399000,tiki_delivery,0,50,19950000,0
351,Brand_B,Seller_2,Electronics,400000,4.4,51,400000,tiki_delivery,0,1,20400000,0
352,Brand_B,Seller_2,Electronics,401000,4.5,52,401000,tiki_delivery,0,2,20852000,0
353,Brand_B,Seller_2,Electronics,402000,4.6,53,402000,tiki_delivery,0,3,21306000,0
354,Brand_B,Seller_2,Electronics,403000,4.7,54,403000,tiki_delivery,0,4,21762000,0
355,Brand_B,Seller_2,Electronics,404000,4.8,55,404000,tiki_delivery,0,5,22220000,0
356,Brand_B,Seller_2,Electronics,405000,4.9,56,405000,tiki_delivery,0,6,22680000,0
357,Brand_B,Seller_2,Electronics,406000,5.0,57,406000,tiki_delivery,0,7,23142000,0
358,Brand_B,Seller_2,Electronics,407000,3.0,58,407000,tiki_delivery,0,8,23606000,2
359,Brand_B,Seller_2,Electronics,408000,3.1,59,408000,tiki_delivery,0,9,24072000,2
360,Brand_B,Seller_2,Electronics,409000,3.2,60,409000,tiki_delivery,0,10,24540000,2
361,Brand_B,Seller_2,Electronics,410000,3.3,61,410000,tiki_delivery,0,11,25010000,2
362,Brand_B,Seller_2,Electronics,411000,3.4,62,411000,tiki_delivery,0,12,25482000,2
363,Brand_B,Seller_2,Electronics,412000,3.5,63,412000,tiki_delivery,0,13,25956000,2
364,Brand_B,Seller_2,Electronics,413000,3.6,64,413000,tiki_delivery,0,14,26432000,2
365,Brand_B,Seller_2,Electronics,414000,3.7,65,414000,tiki_delivery,0,15,26910000,2
366,Brand_B,Seller_2,Electronics,415000,3.8,66,415000,tiki_delivery,0,16,27390000,2
367,Brand_B,Seller_2,Electronics,416000,3.9,67,416000,tiki_delivery,0,17,27872000,0
368,Brand_B,Seller_2,Electronics,417000,4.0,68,417000,tiki_delivery,0,18,28356000,0
369,Brand_B,Seller_2,Electronics,418000,4.1,69,418000,tiki_delivery,0,19,28842000,0
370,Brand_B,Seller_2,Electronics,419000,4.2,70,419000,tiki_delivery,0,20,29330000,0
371,Brand_B,Seller_2,Electronics,420000,4.3,71,420000,tiki_delivery,0,21,29820000,0
372,Brand_B,Seller_2,Electronics,421000,4.4,72,421000,tiki_delivery,0,22,30312000,0
373,Brand_B,Seller_2,Electronics,422000,4.5,73,422000,tiki_delivery,0,23,30806000,0
374,Brand_B,Seller_2,Electronics,423000,4.6,74,423000,tiki_delivery,0,24,31302000,0
375,Brand_B,Seller_2,Electronics,424000,4.7,75,424000,tiki_delivery,0,25,31800000,0
376,Brand_B,Seller_2,Electronics,425000,4.8,76,425000,tiki_delivery,0,26,32300000,0
377,Brand_B,Seller_2,Electronics,426000,4.9,77,426000,tiki_delivery,0,27,32802000,0
378,Brand_B,Seller_2,Electronics,427000,5.0,78,427000,tiki_delivery,0,28,33306000,0
379,Brand_B,Seller_2,Electronics,428000,3.0,79,428000,tiki_delivery,0,29,33812000,2
380,Brand_B,Seller_2,Electronics,429000,3.1,80,429000,tiki_delivery,0,30,34320000,2
381,Brand_B,Seller_2,Electronics,430000,3.2,81,430000,tiki_delivery,0,31,34830000,3
382,Brand_B,Seller_2,Electronics,431000,3.3,82,431000,tiki_delivery,0,32,35342000,3
383,Brand_B,Seller_2,Electronics,432000,3.4,83,432000,tiki_delivery,0,33,35856000,3
384,Brand_B,Seller_2,Electronics,433000,3.5,84,433000,tiki_delivery,0,34,36372000,3
385,Brand_B,Seller_2,Electronics,434000,3.6,85,434000,tiki_delivery,0,35,36890000,3
386,Brand_B,Seller_2,Electronics,435000,3.7,86,435000,tiki_delivery,0,36,37410000,3
387,Brand_B,Seller_2,Electronics,436000,3.8,87,436000,tiki_delivery,0,37,37932000,3
388,Brand_B,Seller_2,Electronics,437000,3.9,88,437000,tiki_delivery,0,38,38456000,3
389,Brand_B,Seller_2,Electronics,438000,4.0,89,438000,tiki_delivery,0,39,38982000,3
390,Brand_B,Seller_2,Electronics,439000,4.1,90,439000,tiki_delivery,0,40,39510000,3
391,Brand_B,Seller_2,Electronics,440000,4.2,91,440000,tiki_delivery,0,41,40040000,0
392,Brand_B,Seller_2,Electronics,441000,4.3,92,441000,tiki_delivery,0,42,40572000,0
393,Brand_B,Seller_2,Electronics,442000,4.4,93,442000,tiki_delivery,0,43,41106000,0
394,Brand_B,Seller_2,Electronics,443000,4.5,94,443000,tiki_delivery,0,44,41642000,0
395,Brand_B,Seller_2,Electronics,444000,4.6,95,444000,tiki_delivery,0,45,42180000,0
396,Brand_B,Seller_2,Electronics,445000,4.7,96,445000,tiki_delivery,0,46,42720000,0
397,Brand_B,Seller_2,Electronics,446000,4.8,97,446000,tiki_delivery,0,47,43262000,0
398,Brand_B,Seller_2,Electronics,447000,4.9,98,447000,tiki_delivery,0,48,43806000,0
399,Brand_B,Seller_2,Electronics,448000,5.0,99,448000,tiki_delivery,0,49,44352000,0
400,Brand_B,Seller_2,Electronics,449000,3.0,100,449000,tiki_delivery,0,50,44900000,3
401,Brand_B,Seller_2,Fashion,450000,3.1,1,450000,dropship,0,1,450000,2
402,Brand_B,Seller_2,Fashion,451000,3.2,2,451000,dropship,0,2,902000,2
403,Brand_B,Seller_2,Fashion,452000,3.3,3,452000,dropship,0,3,1356000,2
404,Brand_B,Seller_2,Fashion,453000,3.4,4,453000,dropship,0,4,1812000,2
405,Brand_B,Seller_2,Fashion,454000,3.5,5,454000,dropship,0,5,2270000,2
406,Brand_B,Seller_2,Fashion,455000,3.6,6,455000,dropship,0,6,2730000,2
407,Brand_B,Seller_2,Fashion,456000,3.7,7,456000,dropship,0,7,3192000,2
408,Brand_B,Seller_2,Fashion,457000,3.8,8,457000,dropship,0,8,3656000,2
409,Brand_B,Seller_2,Fashion,458000,3.9,9,458000,dropship,0,9,4122000,2
410,Brand_B,Seller_2,Fashion,459000,4.0,10,459000,dropship,0,10,4590000,1
411,Brand_B,Seller_2,Fashion,460000,4.1,11,460000,dropship,0,11,5060000,1
412,Brand_B,Seller_2,Fashion,461000,4.2,12,461000,dropship,0,12,5532000,1
413,Brand_B,Seller_2,Fashion,462000,4.3,13,462000,dropship,0,13,6006000,1
414,Brand_B,Seller_2,Fashion,463000,4.4,14,463000,dropship,0,14,6482000,1
415,Brand_B,Seller_2,Fashion,464000,4.5,15,464000,dropship,0,15,6960000,1
416,Brand_B,Seller_2,Fashion,465000,4.6,16,465000,dropship,0,16,7440000,1
417,Brand_B,Seller_2,Fashion,466000,4.7,17,466000,dropship,0,17,7922000,1
418,Brand_B,Seller_2,Fashion,467000,4.8,18,467000,dropship,0,18,8406000,1
419,Brand_B,Seller_2,Fashion,468000,4.9,19,468000,dropship,0,19,8892000,0
420,Brand_B,Seller_2,Fashion,469000,5.0,20,469000,dropship,0,20,9380000,0
421,Brand_B,Seller_2,Fashion,470000,3.0,21,470000,dropship,0,21,9870000,2
422,Brand_B,Seller_2,Fashion,471000,3.1,22,471000,dropship,0,22,10362000,2
423,Brand_B,Seller_2,Fashion,472000,3.2,23,472000,dropship,0,23,10856000,2
424,Brand_B,Seller_2,Fashion,473000,3.3,24,473000,dropship,0,24,11352000,2
425,Brand_B,Seller_2,Fashion,474000,3.4,25,474000,dropship,0,25,11850000,2
426,Brand_B,Seller_2,Fashion,475000,3.5,26,475000,dropship,0,26,12350000,2
427,Brand_B,Seller_2,Fashion,476000,3.6,27,476000,dropship,0,27,12852000,2
428,Brand_B,Seller_2,Fashion,477000,3.7,28,477000,dropship,0,28,13356000,2
429,Brand_B,Seller_2,Fashion,478000,3.8,29,478000,dropship,0,29,13862000,2
430,Brand_B,Seller_2,Fashion,479000,3.9,30,479000,dropship,0,30,14370000,2
431,Brand_B,Seller_2,Fashion,480000,4.0,31,480000,dropship,0,31,14880000,2
432,Brand_B,Seller_2,Fashion,481000,4.1,32,481000,dropship,0,32,15392000,1
433,Brand_B,Seller_2,Fashion,482000,4.2,33,482000,dropship,0,33,15906000,1
434,Brand_B,Seller_2,Fashion,483000,4.3,34,483000,dropship,0,34,16422000,0
435,Brand_B,Seller_2,Fashion,484000,4.4,35,484000,dropship,0,35,16940000,0
436,Brand_B,Seller_2,Fashion,485000,4.5,36,485000,dropship,0,36,17460000,0
437,Brand_B,Seller_2,Fashion,486000,4.6,37,486000,dropship,0,37,17982000,0
438,Brand_B,Seller_2,Fashion,487000,4.7,38,487000,dropship,0,38,18506000,0
439,Brand_B,Seller_2,Fashion,488000,4.8,39,488000,dropship,0,39,19032000,0
440,Brand_B,Seller_2,Fashion,489000,4.9,40,489000,dropship,0,40,19560000,0
441,Brand_B,Seller_2,Fashion,490000,5.0,41,490000,dropship,0,41,20090000,0
442,Brand_B,Seller_2,Fashion,491000,3.0,42,491000,dropship,0,42,20622000,2
443,Brand_B,Seller_2,Fashion,492000,3.1,43,492000,dropship,0,43,21156000,2
444,Brand_B,Seller_2,Fashion,493000,3.2,44,493000,dropship,0,44,21692000,2
445,Brand_B,Seller_2,Fashion,494000,3.3,45,494000,dropship,0,45,22230000,2
446,Brand_B,Seller_2,Fashion,495000,3.4,46,495000,dropship,0,46,22770000,2
447,Brand_B,Seller_2,Fashion,496000,3.5,47,496000,dropship,0,47,23312000,2
448,Brand_B,Seller_2,Fashion,497000,3.6,48,497000,dropship,0,48,23856000,2
449,Brand_B,Seller_2,Fashion,498000,3.7,49,498000,dropship,0,49,24402000,2
450,Brand_B,Seller_2,Fashion,499000,3.8,50,499000,dropship,0,50,24950000,2
451,Brand_B,Seller_2,Fashion,500000,3.9,51,500000,dropship,0,1,25500000,2
452,Brand_B,Seller_2,Fashion,501000,4.0,52,501000,dropship,0,2,26052000,0
453,Brand_B,Seller_2,Fashion,502000,4.1,53,502000,dropship,0,3,26606000,0
454,Brand_B,Seller_2,Fashion,503000,4.2,54,503000,dropship,0,4,27162000,0
455,Brand_B,Seller_2,Fashion,504000,4.3,55,504000,dropship,0,5,27720000,0
456,Brand_B,Seller_2,Fashion,505000,4.4,56,505000,dropship,0,6,28280000,0
457,Brand_B,Seller_2,Fashion,506000,4.5,57,506000,dropship,0,7,28842000,0
458,Brand_B,Seller_2,Fashion,507000,4.6,58,507000,dropship,0,8,29406000,0
459,Brand_B,Seller_2,Fashion,508000,4.7,59,508000,dropship,0,9,29972000,0
460,Brand_B,Seller_2,Fashion,509000,4.8,60,509000,dropship,0,10,30540000,0
461,Brand_B,Seller_2,Fashion,510000,4.9,61,510000,dropship,0,11,31110000,0
462,Brand_B,Seller_2,Fashion,511000,5.0,62,511000,dropship,0,12,31682000,0
463,Brand_B,Seller_2,Fashion,512000,3.0,63,512000,dropship,0,13,32256000,2
464,Brand_B,Seller_2,Fashion,513000,3.1,64,513000,dropship,0,14,32832000,2
465,Brand_B,Seller_2,Fashion,514000,3.2,65,514000,dropship,0,15,33410000,2
466,Brand_B,Seller_2,Fashion,515000,3.3,66,515000,dropship,0,16,33990000,2
467,Brand_B,Seller_2,Fashion,516000,3.4,67,516000,dropship,0,17,34572000,3
468,Brand_B,Seller_2,Fashion,517000,3.5,68,517000,dropship,0,18,35156000,3
469,Brand_B,Seller_2,Fashion,518000,3.6,69,518000,dropship,0,19,35742000,3
470,Brand_B,Seller_2,Fashion,519000,3.7,70,519000,dropship,0,20,36330000,3
471,Brand_B,Seller_2,Fashion,520000,3.8,71,520000,dropship,0,21,36920000,3
472,Brand_B,Seller_2,Fashion,521000,3.9,72,521000,dropship,0,22,37512000,3
473,Brand_B,Seller_2,Fashion,522000,4.0,73,522000,dropship,0,23,38106000,3
474,Brand_B,Seller_2,Fashion,523000,4.1,74,523000,dropship,0,24,38702000,3
475,Brand_B,Seller_2,Fashion,524000,4.2,75,524000,dropship,0,25,39300000,0
476,Brand_B,Seller_2,Fashion,525000,4.3,76,525000,dropship,0,26,39900000,0
477,Brand_B,Seller_2,Fashion,526000,4.4,77,526000,dropship,0,27,40502000,0
478,Brand_B,Seller_2,Fashion,527000,4.5,78,527000,dropship,0,28,41106000,0
479,Brand_B,Seller_2,Fashion,528000,4.6,79,528000,dropship,0,29,41712000,0
480,Brand_B,Seller_2,Fashion,529000,4.7,80,529000,dropship,0,30,42320000,0
481,Brand_B,Seller_2,Fashion,530000,4.8,81,530000,dropship,0,31,42930000,0
482,Brand_B,Seller_2,Fashion,531000,4.9,82,531000,dropship,0,32,43542000,0
483,Brand_B,Seller_2,Fashion,532000,5.0,83,532000,dropship,0,33,44156000,0
484,Brand_B,Seller_2,Fashion,533000,3.0,84,533000,dropship,0,34,44772000,3
485,Brand_B,Seller_2,Fashion,534000,3.1,85,534000,dropship,0,35,45390000,3
486,Brand_B,Seller_2,Fashion,535000,3.2,86,535000,dropship,0,36,46010000,3
487,Brand_B,Seller_2,Fashion,536000,3.3,87,536000,dropship,0,37,46632000,3
488,Brand_B,Seller_2,Fashion,537000,3.4,88,537000,dropship,0,38,47256000,3
489,Brand_B,Seller_2,Fashion,538000,3.5,89,538000,dropship,0,39,47882000,3
490,Brand_B,Seller_2,Fashion,539000,3.6,90,539000,dropship,0,40,48510000,3
491,Brand_B,Seller_2,Fashion,540000,3.7,91,540000,dropship,0,41,49140000,3
492,Brand_B,Seller_2,Fashion,541000,3.8,92,541000,dropship,0,42,49772000,3
493,Brand_B,Seller_2,Fashion,542000,3.9,93,542000,dropship,0,43,50406000,3
494,Brand_B,Seller_2,Fashion,543000,4.0,94,543000,dropship,0,44,51042000,3
495,Brand_B,Seller_2,Fashion,544000,4.1,95,544000,dropship,0,45,51680000,3
496,Brand_B,Seller_2,Fashion,545000,4.2,96,545000,dropship,0,46,52320000,3
497,Brand_B,Seller_2,Fashion,546000,4.3,97,546000,dropship,0,47,52962000,3
498,Brand_B,Seller_2,Fashion,547000,4.4,98,547000,dropship,0,48,53606000,3
499,Brand_B,Seller_2,Fashion,548000,4.5,99,548000,dropship,0,49,54252000,3
500,Brand_B,Seller_2,Fashion,549000,4.6,100,549000,dropship,0,50,54900000,0
501,Brand_B,Seller_3,Fashion,550000,4.7,1,550000,dropship,0,1,550000,1
502,Brand_B,Seller_3,Fashion,551000,4.8,2,551000,dropship,0,2,1102000,1
503,Brand_B,Seller_3,Fashion,552000,4.9,3,552000,dropship,0,3,1656000,1
504,Brand_B,Seller_3,Fashion,553000,5.0,4,553000,dropship,0,4,2212000,1
505,Brand_B,Seller_3,Fashion,554000,3.0,5,554000,dropship,0,5,2770000,2
506,Brand_B,Seller_3,Fashion,555000,3.1,6,555000,dropship,0,6,3330000,2
507,Brand_B,Seller_3,Fashion,556000,3.2,7,556000,dropship,0,7,3892000,2
508,Brand_B,Seller_3,Fashion,557000,3.3,8,557000,dropship,0,8,4456000,2
509,Brand_B,Seller_3,Fashion,558000,3.4,9,558000,dropship,0,9,5022000,2
510,Brand_B,Seller_3,Fashion,559000,3.5,10,559000,dropship,0,10,5590000,2
511,Brand_B,Seller_3,Fashion,560000,3.6,11,560000,dropship,0,11,6160000,2
512,Brand_B,Seller_3,Fashion,561000,3.7,12,561000,dropship,0,12,6732000,1
513,Brand_B,Seller_3,Fashion,562000,3.8,13,562000,dropship,0,13,7306000,1
514,Brand_B,Seller_3,Fashion,563000,3.9,14,563000,dropship,0,14,7882000,1
515,Brand_B,Seller_3,Fashion,564000,4.0,15,564000,dropship,0,15,8460000,1
516,Brand_B,Seller_3,Fashion,565000,4.1,16,565000,dropship,0,16,9040000,1
517,Brand_B,Seller_3,Fashion,566000,4.2,17,566000,dropship,0,17,9622000,1
518,Brand_B,Seller_3,Fashion,567000,4.3,18,567000,dropship,0,18,10206000,1
519,Brand_B,Seller_3,Fashion,568000,4.4,19,568000,dropship,0,19,10792000,1
520,Brand_B,Seller_3,Fashion,569000,4.5,20,569000,dropship,0,20,11380000,1
521,Brand_B,Seller_3,Fashion,570000,4.6,21,570000,dropship,0,21,11970000,1
522,Brand_B,Seller_3,Fashion,571000,4.7,22,571000,dropship,0,22,12562000,1
523,Brand_B,Seller_3,Fashion,572000,4.8,23,572000,dropship,0,23,13156000,1
524,Brand_B,Seller_3,Fashion,573000,4.9,24,573000,dropship,0,24,13752000,1
525,Brand_B,Seller_3,Fashion,574000,5.0,25,574000,dropship,0,25,14350000,1
526,Brand_B,Seller_3,Fashion,575000,3.0,26,575000,dropship,0,26,14950000,2
527,Brand_B,Seller_3,Fashion,576000,3.1,27,576000,dropship,0,27,15552000,2
528,Brand_B,Seller_3,Fashion,577000,3.2,28,577000,dropship,0,28,16156000,2
529,Brand_B,Seller_3,Fashion,578000,3.3,29,578000,dropship,0,29,16762000,2
530,Brand_B,Seller_3,Fashion,579000,3.4,30,579000,dropship,0,30,17370000,2
531,Brand_B,Seller_3,Fashion,580000,3.5,31,580000,dropship,0,31,17980000,2
532,Brand_B,Seller_3,Fashion,581000,3.6,32,581000,dropship,0,32,18592000,2
533,Brand_B,Seller_3,Fashion,582000,3.7,33,582000,dropship,0,33,19206000,2
534,Brand_B,Seller_3,Fashion,583000,3.8,34,583000,dropship,0,34,19822000,1
535,Brand_B,Seller_3,Fashion,584000,3.9,35,584000,dropship,0,35,20440000,1
536,Brand_B,Seller_3,Fashion,585000,4.0,36,585000,dropship,0,36,21060000,1
537,Brand_B,Seller_3,Fashion,586000,4.1,37,586000,dropship,0,37,21682000,1
538,Brand_B,Seller_3,Fashion,587000,4.2,38,587000,dropship,0,38,22306000,1
539,Brand_B,Seller_3,Fashion,588000,4.3,39,588000,dropship,0,39,22932000,1
540,Brand_B,Seller_3,Fashion,589000,4.4,40,589000,dropship,0,40,23560000,1
541,Brand_B,Seller_3,Fashion,590000,4.5,41,590000,dropship,0,41,24190000,1
542,Brand_B,Seller_3,Fashion,591000,4.6,42,591000,dropship,0,42,24822000,1
543,Brand_B,Seller_3,Fashion,592000,4.7,43,592000,dropship,0,43,25456000,0
544,Brand_B,Seller_3,Fashion,593000,4.8,44,593000,dropship,0,44,26092000,0
545,Brand_B,Seller_3,Fashion,594000,4.9,45,594000,dropship,0,45,26730000,0
546,Brand_B,Seller_3,Fashion,595000,5.0,46,595000,dropship,0,46,27370000,0
547,Brand_B,Seller_3,Fashion,596000,3.0,47,596000,dropship,0,47,28012000,2
548,Brand_B,Seller_3,Fashion,597000,3.1,48,597000,dropship,0,48,28656000,2
549,Brand_B,Seller_3,Fashion,598000,3.2,49,598000,dropship,0,49,29302000,2
550,Brand_B,Seller_3,Fashion,599000,3.3,50,599000,dropship,0,50,29950000,2
551,Brand_C,Seller_3,Fashion,600000,3.4,51,600000,dropship,0,1,30600000,2
552,Brand_C,Seller_3,Fashion,601000,3.5,52,601000,dropship,0,2,31252000,2
553,Brand_C,Seller_3,Fashion,602000,3.6,53,602000,dropship,0,3,31906000,3
554,Brand_C,Seller_3,Fashion,603000,3.7,54,603000,dropship,0,4,32562000,3
555,Brand_C,Seller_3,Fashion,604000,3.8,55,604000,dropship,0,5,33220000,3
556,Brand_C,Seller_3,Fashion,605000,3.9,56,605000,dropship,0,6,33880000,3
557,Brand_C,Seller_3,Fashion,606000,4.0,57,606000,dropship,0,7,34542000,3
558,Brand_C,Seller_3,Fashion,607000,4.1,58,607000,dropship,0,8,35206000,3
559,Brand_C,Seller_3,Fashion,608000,4.2,59,608000,dropship,0,9,35872000,3
560,Brand_C,Seller_3,Fashion,609000,4.3,60,609000,dropship,0,10,36540000,0
561,Brand_C,Seller_3,Fashion,610000,4.4,61,610000,dropship,0,11,37210000,0
562,Brand_C,Seller_3,Fashion,611000,4.5,62,611000,dropship,0,12,37882000,0
563,Brand_C,Seller_3,Fashion,612000,4.6,63,612000,dropship,0,13,38556000,0
564,Brand_C,Seller_3,Fashion,613000,4.7,64,613000,dropship,0,14,39232000,0
565,Brand_C,Seller_3,Fashion,614000,4.8,65,614000,dropship,0,15,39910000,0
566,Brand_C,Seller_3,Fashion,615000,4.9,66,615000,dropship,0,16,40590000,0
567,Brand_C,Seller_3,Fashion,616000,5.0,67,616000,dropship,0,17,41272000,0
568,Brand_C,Seller_3,Fashion,617000,3.0,68,617000,dropship,0,18,41956000,3
569,Brand_C,Seller_3,Fashion,618000,3.1,69,618000,dropship,0,19,42642000,3
570,Brand_C,Seller_3,Fashion,619000,3.2,70,619000,dropship,0,20,43330000,3
571,Brand_C,Seller_3,Fashion,620000,3.3,71,620000,dropship,0,21,44020000,3
572,Brand_C,Seller_3,Fashion,621000,3.4,72,621000,dropship,0,22,44712000,3
573,Brand_C,Seller_3,Fashion,622000,3.5,73,622000,dropship,0,23,45406000,3
574,Brand_C,Seller_3,Fashion,623000,3.6,74,623000,dropship,0,24,46102000,3
575,Brand_C,Seller_3,Fashion,624000,3.7,75,624000,dropship,0,25,46800000,3
576,Brand_C,Seller_3,Fashion,625000,3.8,76,625000,dropship,0,26,47500000,3
577,Brand_C,Seller_3,Fashion,626000,3.9,77,626000,dropship,0,27,48202000,3
578,Brand_C,Seller_3,Fashion,627000,4.0,78,627000,dropship,0,28,48906000,3
579,Brand_C,Seller_3,Fashion,628000,4.1,79,628000,dropship,0,29,49612000,3
580,Brand_C,Seller_3,Fashion,629000,4.2,80,629000,dropship,0,30,50320000,3
581,Brand_C,Seller_3,Fashion,630000,4.3,81,630000,dropship,0,31,51030000,3
582,Brand_C,Seller_3,Fashion,631000,4.4,82,631000,dropship,0,32,51742000,3
583,Brand_C,Seller_3,Fashion,632000,4.5,83,632000,dropship,0,33,52456000,3
584,Brand_C,Seller_3,Fashion,633000,4.6,84,633000,dropship,0,34,53172000,0
585,Brand_C,Seller_3,Fashion,634000,4.7,85,634000,dropship,0,35,53890000,0
586,Brand_C,Seller_3,Fashion,635000,4.8,86,635000,dropship,0,36,54610000,0
587,Brand_C,Seller_3,Fashion,636000,4.9,87,636000,dropship,0,37,55332000,0
588,Brand_C,Seller_3,Fashion,637000,5.0,88,637000,dropship,0,38,56056000,0
589,Brand_C,Seller_3,Fashion,638000,3.0,89,638000,dropship,0,39,56782000,3
590,Brand_C,Seller_3,Fashion,639000,3.1,90,639000,dropship,0,40,57510000,3
591,Brand_C,Seller_3,Fashion,640000,3.2,91,640000,dropship,0,41,58240000,3
592,Brand_C,Seller_3,Fashion,641000,3.3,92,641000,dropship,0,42,58972000,3
593,Brand_C,Seller_3,Fashion,642000,3.4,93,642000,dropship,0,43,59706000,3
594,Brand_C,Seller_3,Fashion,643000,3.5,94,643000,dropship,0,44,60442000,3
595,Brand_C,Seller_3,Fashion,644000,3.6,95,644000,dropship,0,45,61180000,3
596,Brand_C,Seller_3,Fashion,645000,3.7,96,645000,dropship,0,46,61920000,3
597,Brand_C,Seller_3,Fashion,646000,3.8,97,646000,dropship,0,47,62662000,3
598,Brand_C,Seller_3,Fashion,647000,3.9,98,647000,dropship,0,48,63406000,3
599,Brand_C,Seller_3,Fashion,648000,4.0,99,648000,dropship,0,49,64152000,3
600,Brand_C,Seller_3,Fashion,649000,4.1,100,649000,dropship,0,50,64900000,3
601,Brand_C,Seller_3,Fashion,650000,4.2,1,650000,dropship,0,1,650000,1
602,Brand_C,Seller_3,Fashion,651000,4.3,2,651000,dropship,0,2,1302000,1
603,Brand_C,Seller_3,Fashion,652000,4.4,3,652000,dropship,0,3,1956000,1
604,Brand_C,Seller_3,Fashion,653000,4.5,4,653000,dropship,0,4,2612000,1
605,Brand_C,Seller_3,Fashion,654000,4.6,5,654000,dropship,0,5,3270000,1
606,Brand_C,Seller_3,Fashion,655000,4.7,6,655000,dropship,0,6,3930000,1
607,Brand_C,Seller_3,Fashion,656000,4.8,7,656000,dropship,0,7,4592000,1
608,Brand_C,Seller_3,Fashion,657000,4.9,8,657000,dropship,0,8,5256000,1
609,Brand_C,Seller_3,Fashion,658000,5.0,9,658000,dropship,0,9,5922000,1
610,Brand_C,Seller_3,Fashion,659000,3.0,10,659000,dropship,0,10,6590000,2
611,Brand_C,Seller_3,Fashion,660000,3.1,11,660000,dropship,0,11,7260000,2
612,Brand_C,Seller_3,Fashion,661000,3.2,12,661000,dropship,0,12,7932000,2
613,Brand_C,Seller_3,Fashion,662000,3.3,13,662000,dropship,0,13,8606000,2
614,Brand_C,Seller_3,Fashion,663000,3.4,14,663000,dropship,0,14,9282000,2
615,Brand_C,Seller_3,Fashion,664000,3.5,15,664000,dropship,0,15,9960000,1
616,Brand_C,Seller_3,Fashion,665000,3.6,16,665000,dropship,0,16,10640000,1
617,Brand_C,Seller_3,Fashion,666000,3.7,17,666000,dropship,0,17,11322000,1
618,Brand_C,Seller_3,Fashion,667000,3.8,18,667000,dropship,0,18,12006000,1
619,Brand_C,Seller_3,Fashion,668000,3.9,19,668000,dropship,0,19,12692000,1
620,Brand_C,Seller_3,Fashion,669000,4.0,20,669000,dropship,0,20,13380000,1
621,Brand_C,Seller_3,Fashion,670000,4.1,21,670000,dropship,0,21,14070000,1
622,Brand_C,Seller_3,Fashion,671000,4.2,22,671000,dropship,0,22,14762000,1
623,Brand_C,Seller_3,Fashion,672000,4.3,23,672000,dropship,0,23,15456000,1
624,Brand_C,Seller_3,Fashion,673000,4.4,24,673000,dropship,0,24,16152000,1
625,Brand_C,Seller_3,Fashion,674000,4.5,25,674000,dropship,0,25,16850000,1
626,Brand_C,Seller_3,Fashion,675000,4.6,26,675000,dropship,0,26,17550000,1
627,Brand_C,Seller_3,Fashion,676000,4.7,27,676000,dropship,0,27,18252000,1
628,Brand_C,Seller_3,Fashion,677000,4.8,28,677000,dropship,0,28,18956000,1
629,Brand_C,Seller_3,Fashion,678000,4.9,29,678000,dropship,0,29,19662000,1
630,Brand_C,Seller_3,Fashion,679000,5.0,30,679000,dropship,0,30,20370000,1
631,Brand_C,Seller_3,Fashion,680000,3.0,31,680000,dropship,0,31,21080000,2
632,Brand_C,Seller_3,Fashion,681000,3.1,32,681000,dropship,0,32,21792000,2
633,Brand_C,Seller_3,Fashion,682000,3.2,33,682000,dropship,0,33,22506000,2
634,Brand_C,Seller_3,Fashion,683000,3.3,34,683000,dropship,0,34,23222000,2
635,Brand_C,Seller_3,Fashion,684000,3.4,35,684000,dropship,0,35,23940000,2
636,Brand_C,Seller_3,Fashion,685000,3.5,36,685000,dropship,0,36,24660000,2
637,Brand_C,Seller_3,Fashion,686000,3.6,37,686000,dropship,0,37,25382000,1
638,Brand_C,Seller_3,Fashion,687000,3.7,38,687000,dropship,0,38,26106000,1
639,Brand_C,Seller_3,Fashion,688000,3.8,39,688000,dropship,0,39,26832000,1
640,Brand_C,Seller_3,Fashion,689000,3.9,40,689000,dropship,0,40,27560000,1
641,Brand_C,Seller_3,Fashion,690000,4.0,41,690000,dropship,0,41,28290000,1
642,Brand_C,Seller_3,Fashion,691000,4.1,42,691000,dropship,0,42,29022000,1
643,Brand_C,Seller_3,Fashion,692000,4.2,43,692000,dropship,0,43,29756000,1
644,Brand_C,Seller_3,Fashion,693000,4.3,44,693000,dropship,0,44,30492000,1
645,Brand_C,Seller_3,Fashion,694000,4.4,45,694000,dropship,0,45,31230000,1
646,Brand_C,Seller_3,Fashion,695000,4.5,46,695000,dropship,0,46,31970000,1
647,Brand_C,Seller_3,Fashion,696000,4.6,47,696000,dropship,0,47,32712000,1
648,Brand_C,Seller_3,Fashion,697000,4.7,48,697000,dropship,0,48,33456000,1
649,Brand_C,Seller_3,Fashion,698000,4.8,49,698000,dropship,0,49,34202000,1
650,Brand_C,Seller_3,Fashion,699000,4.9,50,699000,dropship,0,50,34950000,1
651,Brand_C,Seller_3,Fashion,700000,5.0,51,700000,dropship,0,1,35700000,0
652,Brand_C,Seller_3,Fashion,701000,3.0,52,701000,dropship,0,2,36452000,2
653,Brand_C,Seller_3,Fashion,702000,3.1,53,702000,dropship,0,3,37206000,3
654,Brand_C,Seller_3,Fashion,703000,3.2,54,703000,dropship,0,4,37962000,3
655,Brand_C,Seller_3,Fashion,704000,3.3,55,704000,dropship,0,5,38720000,3
656,Brand_C,Seller_3,Fashion,705000,3.4,56,705000,dropship,0,6,39480000,3
657,Brand_C,Seller_3,Fashion,706000,3.5,57,706000,dropship,0,7,40242000,3
658,Brand_C,Seller_3,Fashion,707000,3.6,58,707000,dropship,0,8,41006000,3
659,Brand_C,Seller_3,Fashion,708000,3.7,59,708000,dropship,0,9,41772000,3
660,Brand_C,Seller_3,Fashion,709000,3.8,60,709000,dropship,0,10,42540000,3
661,Brand_C,Seller_3,Fashion,710000,3.9,61,710000,dropship,0,11,43310000,3
662,Brand_C,Seller_3,Fashion,711000,4.0,62,711000,dropship,0,12,44082000,3
663,Brand_C,Seller_3,Fashion,712000,4.1,63,712000,dropship,0,13,44856000,3
664,Brand_C,Seller_3,Fashion,713000,4.2,64,713000,dropship,0,14,45632000,3
665,Brand_C,Seller_3,Fashion,714000,4.3,65,714000,dropship,0,15,46410000,3
666,Brand_C,Seller_3,Fashion,715000,4.4,66,715000,dropship,0,16,47190000,3
667,Brand_C,Seller_3,Fashion,716000,4.5,67,716000,dropship,0,17,47972000,3
668,Brand_C,Seller_3,Fashion,717000,4.6,68,717000,dropship,0,18,48756000,3
669,Brand_C,Seller_3,Fashion,718000,4.7,69,718000,dropship,0,19,49542000,0
670,Brand_C,Seller_3,Fashion,719000,4.8,70,719000,dropship,0,20,50330000,0
671,Brand_C,Seller_3,Fashion,720000,4.9,71,720000,dropship,0,21,51120000,0
672,Brand_C,Seller_3,Fashion,721000,5.0,72,721000,dropship,0,22,51912000,0
673,Brand_C,Seller_3,Fashion,722000,3.0,73,722000,dropship,0,23,52706000,3
674,Brand_C,Seller_3,Fashion,723000,3.1,74,723000,dropship,0,24,53502000,3
675,Brand_C,Seller_3,Fashion,724000,3.2,75,724000,dropship,0,25,54300000,3
676,Brand_C,Seller_3,Fashion,725000,3.3,76,725000,dropship,0,26,55100000,3
677,Brand_C,Seller_3,Fashion,726000,3.4,77,726000,dropship,0,27,55902000,3
678,Brand_C,Seller_3,Fashion,727000,3.5,78,727000,dropship,0,28,56706000,3
679,Brand_C,Seller_3,Fashion,728000,3.6,79,728000,dropship,0,29,57512000,3
680,Brand_C,Seller_3,Fashion,729000,3.7,80,729000,dropship,0,30,58320000,3
681,Brand_C,Seller_3,Fashion,730000,3.8,81,730000,dropship,0,31,59130000,3
682,Brand_C,Seller_3,Fashion,731000,3.9,82,731000,dropship,0,32,59942000,3
683,Brand_C,Seller_3,Fashion,732000,4.0,83,732000,dropship,0,33,60756000,3
684,Brand_C,Seller_3,Fashion,733000,4.1,84,733000,dropship,0,34,61572000,3
685,Brand_C,Seller_3,Fashion,734000,4.2,85,734000,dropship,0,35,62390000,3
686,Brand_C,Seller_3,Fashion,735000,4.3,86,735000,dropship,0,36,63210000,3
687,Brand_C,Seller_3,Fashion,736000,4.4,87,736000,dropship,0,37,64032000,3
688,Brand_C,Seller_3,Fashion,737000,4.5,88,737000,dropship,0,38,64856000,3
689,Brand_C,Seller_3,Fashion,738000,4.6,89,738000,dropship,0,39,65682000,3
690,Brand_C,Seller_3,Fashion,739000,4.7,90,739000,dropship,0,40,66510000,3
691,Brand_C,Seller_3,Fashion,740000,4.8,91,740000,dropship,0,41,67340000,3
692,Brand_C,Seller_3,Fashion,741000,4.9,92,741000,dropship,0,42,68172000,3
693,Brand_C,Seller_3,Fashion,742000,5.0,93,742000,dropship,0,43,69006000,0
694,Brand_C,Seller_3,Fashion,743000,3.0,94,743000,dropship,0,44,69842000,3
695,Brand_C,Seller_3,Fashion,744000,3.1,95,744000,dropship,0,45,70680000,3
696,Brand_C,Seller_3,Fashion,745000,3.2,96,745000,dropship,0,46,71520000,3
697,Brand_C,Seller_3,Fashion,746000,3.3,97,746000,dropship,0,47,72362000,3
698,Brand_C,Seller_3,Fashion,747000,3.4,98,747000,dropship,0,48,73206000,3
699,Brand_C,Seller_3,Fashion,748000,3.5,99,748000,dropship,0,49,74052000,3
700,Brand_C,Seller_3,Fashion,749000,3.6,100,749000,dropship,0,50,74900000,3
701,Brand_C,Seller_3,Home,750000,3.7,1,750000,dropship,0,1,750000,1
702,Brand_C,Seller_3,Home,751000,3.8,2,751000,dropship,0,2,1502000,1
703,Brand_C,Seller_3,Home,752000,3.9,3,752000,dropship,0,3,2256000,1
704,Brand_C,Seller_3,Home,753000,4.0,4,753000,dropship,0,4,3012000,1
705,Brand_C,Seller_3,Home,754000,4.1,5,754000,dropship,0,5,3770000,1
706,Brand_C,Seller_3,Home,755000,4.2,6,755000,dropship,0,6,4530000,1
707,Brand_C,Seller_3,Home,756000,4.3,7,756000,dropship,0,7,5292000,1
708,Brand_C,Seller_3,Home,757000,4.4,8,757000,dropship,0,8,6056000,1
709,Brand_C,Seller_3,Home,758000,4.5,9,758000,dropship,0,9,6822000,1
710,Brand_C,Seller_3,Home,759000,4.6,10,759000,dropship,0,10,7590000,1
711,Brand_C,Seller_3,Home,760000,4.7,11,760000,dropship,0,11,8360000,1
712,Brand_C,Seller_3,Home,761000,4.8,12,761000,dropship,0,12,9132000,1
713,Brand_C,Seller_3,Home,762000,4.9,13,762000,dropship,0,13,9906000,1
714,Brand_C,Seller_3,Home,763000,5.0,14,763000,dropship,0,14,10682000,1
715,Brand_C,Seller_3,Home,764000,3.0,15,764000,dropship,0,15,11460000,2
716,Brand_C,Seller_3,Home,765000,3.1,16,765000,dropship,0,16,12240000,2
717,Brand_C,Seller_3,Home,766000,3.2,17,766000,dropship,0,17,13022000,1
718,Brand_C,Seller_3,Home,767000,3.3,18,767000,dropship,0,18,13806000,1
719,Brand_C,Seller_3,Home,768000,3.4,19,768000,dropship,0,19,14592000,1
720,Brand_C,Seller_3,Home,769000,3.5,20,769000,dropship,0,20,15380000,1
721,Brand_C,Seller_3,Home,770000,3.6,21,770000,dropship,0,21,16170000,1
722,Brand_C,Seller_3,Home,771000,3.7,22,771000,dropship,0,22,16962000,1
723,Brand_C,Seller_3,Home,772000,3.8,23,772000,dropship,0,23,17756000,1
724,Brand_C,Seller_3,Home,773000,3.9,24,773000,dropship,0,24,18552000,1
725,Brand_C,Seller_3,Home,774000,4.0,25,774000,dropship,0,25,19350000,1
726,Brand_C,Seller_3,Home,775000,4.1,26,775000,dropship,0,26,20150000,1
727,Brand_C,Seller_3,Home,776000,4.2,27,776000,dropship,0,27,20952000,1
728,Brand_C,Seller_3,Home,777000,4.3,28,777000,dropship,0,28,21756000,1
729,Brand_C,Seller_3,Home,778000,4.4,29,778000,dropship,0,29,22562000,1
730,Brand_C,Seller_3,Home,779000,4.5,30,779000,dropship,0,30,23370000,1
731,Brand_C,Seller_3,Home,780000,4.6,31,780000,dropship,0,31,24180000,1
732,Brand_C,Seller_3,Home,781000,4.7,32,781000,dropship,0,32,24992000,1
733,Brand_C,Seller_3,Home,782000,4.8,33,782000,dropship,0,33,25806000,1
734,Brand_C,Seller_3,Home,783000,4.9,34,783000,dropship,0,34,26622000,1
735,Brand_C,Seller_3,Home,784000,5.0,35,784000,dropship,0,35,27440000,1
736,Brand_C,Seller_3,Home,785000,3.0,36,785000,dropship,0,36,28260000,2
737,Brand_C,Seller_3,Home,786000,3.1,37,786000,dropship,0,37,29082000,2
738,Brand_C,Seller_3,Home,787000,3.2,38,787000,dropship,0,38,29906000,2
739,Brand_C,Seller_3,Home,788000,3.3,39,788000,dropship,0,39,30732000,3
740,Brand_C,Seller_3,Home,789000,3.4,40,789000,dropship,0,40,31560000,1
741,Brand_C,Seller_3,Home,790000,3.5,41,790000,dropship,0,41,32390000,1
742,Brand_C,Seller_3,Home,791000,3.6,42,791000,dropship,0,42,33222000,1
743,Brand_C,Seller_3,Home,792000,3.7,43,792000,dropship,0,43,34056000,1
744,Brand_C,Seller_3,Home,793000,3.8,44,793000,dropship,0,44,34892000,1
745,Brand_C,Seller_3,Home,794000,3.9,45,794000,dropship,0,45,35730000,1
746,Brand_C,Seller_3,Home,795000,4.0,46,795000,dropship,0,46,36570000,1
747,Brand_C,Seller_3,Home,796000,4.1,47,796000,dropship,0,47,37412000,1
748,Brand_C,Seller_3,Home,797000,4.2,48,797000,dropship,0,48,38256000,1
749,Brand_C,Seller_3,Home,798000,4.3,49,798000,dropship,0,49,39102000,1
750,Brand_C,Seller_3,Home,799000,4.4,50,799000,dropship,0,50,39950000,1
751,Brand_D,Seller_4,Home,800000,4.5,51,800000,dropship,0,1,40800000,1
752,Brand_D,Seller_4,Home,801000,4.6,52,801000,dropship,0,2,41652000,1
753,Brand_D,Seller_4,Home,802000,4.7,53,802000,dropship,0,3,42506000,1
754,Brand_D,Seller_4,Home,803000,4.8,54,803000,dropship,0,4,43362000,1
755,Brand_D,Seller_4,Home,804000,4.9,55,804000,dropship,0,5,44220000,1
756,Brand_D,Seller_4,Home,805000,5.0,56,805000,dropship,0,6,45080000,1
757,Brand_D,Seller_4,Home,806000,3.0,57,806000,dropship,0,7,45942000,3
758,Brand_D,Seller_4,Home,807000,3.1,58,807000,dropship,0,8,46806000,3
759,Brand_D,Seller_4,Home,808000,3.2,59,808000,dropship,0,9,47672000,3
760,Brand_D,Seller_4,Home,809000,3.3,60,809000,dropship,0,10,48540000,3
761,Brand_D,Seller_4,Home,810000,3.4,61,810000,dropship,0,11,49410000,3
762,Brand_D,Seller_4,Home,811000,3.5,62,811000,dropship,0,12,50282000,3
763,Brand_D,Seller_4,Home,812000,3.6,63,812000,dropship,0,13,51156000,3
764,Brand_D,Seller_4,Home,813000,3.7,64,813000,dropship,0,14,52032000,3
765,Brand_D,Seller_4,Home,814000,3.8,65,814000,dropship,0,15,52910000,3
766,Brand_D,Seller_4,Home,815000,3.9,66,815000,dropship,0,16,53790000,3
767,Brand_D,Seller_4,Home,816000,4.0,67,816000,dropship,0,17,54672000,3
768,Brand_D,Seller_4,Home,817000,4.1,68,817000,dropship,0,18,55556000,3
769,Brand_D,Seller_4,Home,818000,4.2,69,818000,dropship,0,19,56442000,3
770,Brand_D,Seller_4,Home,819000,4.3,70,819000,dropship,0,20,57330000,3
771,Brand_D,Seller_4,Home,820000,4.4,71,820000,dropship,0,21,58220000,3
772,Brand_D,Seller_4,Home,821000,4.5,72,821000,dropship,0,22,59112000,3
773,Brand_D,Seller_4,Home,822000,4.6,73,822000,dropship,0,23,60006000,3
774,Brand_D,Seller_4,Home,823000,4.7,74,823000,dropship,0,24,60902000,3
775,Brand_D,Seller_4,Home,824000,4.8,75,824000,dropship,0,25,61800000,3
776,Brand_D,Seller_4,Home,825000,4.9,76,825000,dropship,0,26,62700000,3
777,Brand_D,Seller_4,Home,826000,5.0,77,826000,dropship,0,27,63602000,3
778,Brand_D,Seller_4,Home,827000,3.0,78,827000,dropship,0,28,64506000,3
779,Brand_D,Seller_4,Home,828000,3.1,79,828000,dropship,0,29,65412000,3
780,Brand_D,Seller_4,Home,829000,3.2,80,829000,dropship,0,30,66320000,3
781,Brand_D,Seller_4,Home,830000,3.3,81,830000,dropship,0,31,67230000,3
782,Brand_D,Seller_4,Home,831000,3.4,82,831000,dropship,0,32,68142000,3
783,Brand_D,Seller_4,Home,832000,3.5,83,832000,dropship,0,33,69056000,3
784,Brand_D,Seller_4,Home,833000,3.6,84,833000,dropship,0,34,69972000,3
785,Brand_D,Seller_4,Home,834000,3.7,85,834000,dropship,0,35,70890000,3
786,Brand_D,Seller_4,Home,835000,3.8,86,835000,dropship,0,36,71810000,3
787,Brand_D,Seller_4,Home,836000,3.9,87,836000,dropship,0,37,72732000,3
788,Brand_D,Seller_4,Home,837000,4.0,88,837000,dropship,0,38,73656000,3
789,Brand_D,Seller_4,Home,838000,4.1,89,838000,dropship,0,39,74582000,3
790,Brand_D,Seller_4,Home,839000,4.2,90,839000,dropship,0,40,75510000,3
791,Brand_D,Seller_4,Home,840000,4.3,91,840000,dropship,0,41,76440000,3
792,Brand_D,Seller_4,Home,841000,4.4,92,841000,dropship,0,42,77372000,3
793,Brand_D,Seller_4,Home,842000,4.5,93,842000,dropship,0,43,78306000,3
794,Brand_D,Seller_4,Home,843000,4.6,94,843000,dropship,0,44,79242000,3
795,Brand_D,Seller_4,Home,844000,4.7,95,844000,dropship,0,45,80180000,3
796,Brand_D,Seller_4,Home,845000,4.8,96,845000,dropship,0,46,81120000,3
797,Brand_D,Seller_4,Home,846000,4.9,97,846000,dropship,0,47,82062000,3
798,Brand_D,Seller_4,Home,847000,5.0,98,847000,dropship,0,48,83006000,3
799,Brand_D,Seller_4,Home,848000,3.0,99,848000,dropship,0,49,83952000,3
800,Brand_D,Seller_4,Home,849000,3.1,100,849000,dropship,0,50,84900000,3
801,Brand_D,Seller_4,Home,850000,3.2,1,850000,seller_delivery,0,1,850000,1
802,Brand_D,Seller_4,Home,851000,3.3,2,851000,seller_delivery,0,2,1702000,1
803,Brand_D,Seller_4,Home,852000,3.4,3,852000,seller_delivery,0,3,2556000,1
804,Brand_D,Seller_4,Home,853000,3.5,4,853000,seller_delivery,0,4,3412000,1
805,Brand_D,Seller_4,Home,854000,3.6,5,854000,seller_delivery,0,5,4270000,1
806,Brand_D,Seller_4,Home,855000,3.7,6,855000,seller_delivery,0,6,5130000,1
807,Brand_D,Seller_4,Home,856000,3.8,7,856000,seller_delivery,0,7,5992000,1
808,Brand_D,Seller_4,Home,857000,3.9,8,857000,seller_delivery,0,8,6856000,1
809,Brand_D,Seller_4,Home,858000,4.0,9,858000,seller_delivery,0,9,7722000,1
810,Brand_D,Seller_4,Home,859000,4.1,10,859000,seller_delivery,0,10,8590000,1
811,Brand_D,Seller_4,Home,860000,4.2,11,860000,seller_delivery,0,11,9460000,1
812,Brand_D,Seller_4,Home,861000,4.3,12,861000,seller_delivery,0,12,10332000,1
813,Brand_D,Seller_4,Home,862000,4.4,13,862000,seller_delivery,0,13,11206000,1
814,Brand_D,Seller_4,Home,863000,4.5,14,863000,seller_delivery,0,14,12082000,1
815,Brand_D,Seller_4,Home,864000,4.6,15,864000,seller_delivery,0,15,12960000,1
816,Brand_D,Seller_4,Home,865000,4.7,16,865000,seller_delivery,0,16,13840000,1
817,Brand_D,Seller_4,Home,866000,4.8,17,866000,seller_delivery,0,17,14722000,1
818,Brand_D,Seller_4,Home,867000,4.9,18,867000,seller_delivery,0,18,15606000,1
819,Brand_D,Seller_4,Home,868000,5.0,19,868000,seller_delivery,0,19,16492000,1
820,Brand_D,Seller_4,Home,869000,3.0,20,869000,seller_delivery,0,20,17380000,1
821,Brand_D,Seller_4,Home,870000,3.1,21,870000,seller_delivery,0,21,18270000,1
822,Brand_D,Seller_4,Home,871000,3.2,22,871000,seller_delivery,0,22,19162000,1
823,Brand_D,Seller_4,Home,872000,3.3,23,872000,seller_delivery,0,23,20056000,1
824,Brand_D,Seller_4,Home,873000,3.4,24,873000,seller_delivery,0,24,20952000,1
825,Brand_D,Seller_4,Home,874000,3.5,25,874000,seller_delivery,0,25,21850000,1
826,Brand_D,Seller_4,Home,875000,3.6,26,875000,seller_delivery,0,26,22750000,1
827,Brand_D,Seller_4,Home,876000,3.7,27,876000,seller_delivery,0,27,23652000,1
828,Brand_D,Seller_4,Home,877000,3.8,28,877000,seller_delivery,0,28,24556000,1
829,Brand_D,Seller_4,Home,878000,3.9,29,878000,seller_delivery,0,29,25462000,1
830,Brand_D,Seller_4,Home,879000,4.0,30,879000,seller_delivery,0,30,26370000,1
831,Brand_D,Seller_4,Home,880000,4.1,31,880000,seller_delivery,0,31,27280000,1
832,Brand_D,Seller_4,Home,881000,4.2,32,881000,seller_delivery,0,32,28192000,1
833,Brand_D,Seller_4,Home,882000,4.3,33,882000,seller_delivery,0,33,29106000,1
834,Brand_D,Seller_4,Home,883000,4.4,34,883000,seller_delivery,0,34,30022000,1
835,Brand_D,Seller_4,Home,884000,4.5,35,884000,seller_delivery,0,35,30940000,1
836,Brand_D,Seller_4,Home,885000,4.6,36,885000,seller_delivery,0,36,31860000,1
837,Brand_D,Seller_4,Home,886000,4.7,37,886000,seller_delivery,0,37,32782000,1
838,Brand_D,Seller_4,Home,887000,4.8,38,887000,seller_delivery,0,38,33706000,1
839,Brand_D,Seller_4,Home,888000,4.9,39,888000,seller_delivery,0,39,34632000,1
840,Brand_D,Seller_4,Home,889000,5.0,40,889000,seller_delivery,0,40,35560000,1
841,Brand_D,Seller_4,Home,890000,3.0,41,890000,seller_delivery,0,41,36490000,3
842,Brand_D,Seller_4,Home,891000,3.1,42,891000,seller_delivery,0,42,37422000,3
843,Brand_D,Seller_4,Home,892000,3.2,43,892000,seller_delivery,0,43,38356000,3
844,Brand_D,Seller_4,Home,893000,3.3,44,893000,seller_delivery,0,44,39292000,3
845,Brand_D,Seller_4,Home,894000,3.4,45,894000,seller_delivery,0,45,40230000,3
846,Brand_D,Seller_4,Home,895000,3.5,46,895000,seller_delivery,0,46,41170000,3
847,Brand_D,Seller_4,Home,896000,3.6,47,896000,seller_delivery,0,47,42112000,3
848,Brand_D,Seller_4,Home,897000,3.7,48,897000,seller_delivery,0,48,43056000,3
849,Brand_D,Seller_4,Home,898000,3.8,49,898000,seller_delivery,0,49,44002000,3
850,Brand_D,Seller_4,Home,899000,3.9,50,899000,seller_delivery,0,50,44950000,3
851,Brand_D,Seller_4,Home,900000,4.0,51,900000,seller_delivery,0,1,45900000,1
852,Brand_D,Seller_4,Home,901000,4.1,52,901000,seller_delivery,0,2,46852000,1
853,Brand_D,Seller_4,Home,902000,4.2,53,902000,seller_delivery,0,3,47806000,1
854,Brand_D,Seller_4,Home,903000,4.3,54,903000,seller_delivery,0,4,48762000,1
855,Brand_D,Seller_4,Home,904000,4.4,55,904000,seller_delivery,0,5,49720000,1
856,Brand_D,Seller_4,Home,905000,4.5,56,905000,seller_delivery,0,6,50680000,1
857,Brand_D,Seller_4,Home,906000,4.6,57,906000,seller_delivery,0,7,51642000,1
858,Brand_D,Seller_4,Home,907000,4.7,58,907000,seller_delivery,0,8,52606000,1
859,Brand_D,Seller_4,Home,908000,4.8,59,908000,seller_delivery,0,9,53572000,1
860,Brand_D,Seller_4,Home,909000,4.9,60,909000,seller_delivery,0,10,54540000,1
861,Brand_D,Seller_4,Home,910000,5.0,61,910000,seller_delivery,0,11,55510000,1
862,Brand_D,Seller_4,Home,911000,3.0,62,911000,seller_delivery,0,12,56482000,3
863,Brand_D,Seller_4,Home,912000,3.1,63,912000,seller_delivery,0,13,57456000,3
864,Brand_D,Seller_4,Home,913000,3.2,64,913000,seller_delivery,0,14,58432000,3
865,Brand_D,Seller_4,Home,914000,3.3,65,914000,seller_delivery,0,15,59410000,3
866,Brand_D,Seller_4,Home,915000,3.4,66,915000,seller_delivery,0,16,60390000,3
867,Brand_D,Seller_4,Home,916000,3.5,67,916000,seller_delivery,0,17,61372000,3
868,Brand_D,Seller_4,Home,917000,3.6,68,917000,seller_delivery,0,18,62356000,3
869,Brand_D,Seller_4,Home,918000,3.7,69,918000,seller_delivery,0,19,63342000,3
870,Brand_D,Seller_4,Home,919000,3.8,70,919000,seller_delivery,0,20,64330000,3
871,Brand_D,Seller_4,Home,920000,3.9,71,920000,seller_delivery,0,21,65320000,3
872,Brand_D,Seller_4,Home,921000,4.0,72,921000,seller_delivery,0,22,66312000,3
873,Brand_D,Seller_4,Home,922000,4.1,73,922000,seller_delivery,0,23,67306000,3
874,Brand_D,Seller_4,Home,923000,4.2,74,923000,seller_delivery,0,24,68302000,3
875,Brand_D,Seller_4,Home,924000,4.3,75,924000,seller_delivery,0,25,69300000,3
876,Brand_D,Seller_4,Home,925000,4.4,76,925000,seller_delivery,0,26,70300000,3
877,Brand_D,Seller_4,Home,926000,4.5,77,926000,seller_delivery,0,27,71302000,3
878,Brand_D,Seller_4,Home,927000,4.6,78,927000,seller_delivery,0,28,72306000,3
879,Brand_D,Seller_4,Home,928000,4.7,79,928000,seller_delivery,0,29,73312000,3
880,Brand_D,Seller_4,Home,929000,4.8,80,929000,seller_delivery,0,30,74320000,3
881,Brand_D,Seller_4,Home,930000,4.9,81,930000,seller_delivery,0,31,75330000,3
882,Brand_D,Seller_4,Home,931000,5.0,82,931000,seller_delivery,0,32,76342000,3
883,Brand_D,Seller_4,Home,932000,3.0,83,932000,seller_delivery,0,33,77356000,3
884,Brand_D,Seller_4,Home,933000,3.1,84,933000,seller_delivery,0,34,78372000,3
885,Brand_D,Seller_4,Home,934000,3.2,85,934000,seller_delivery,0,35,79390000,3
886,Brand_D,Seller_4,Home,935000,3.3,86,935000,seller_delivery,0,36,80410000,3
887,Brand_D,Seller_4,Home,936000,3.4,87,936000,seller_delivery,0,37,81432000,3
888,Brand_D,Seller_4,Home,937000,3.5,88,937000,seller_delivery,0,38,82456000,3
889,Brand_D,Seller_4,Home,938000,3.6,89,938000,seller_delivery,0,39,83482000,3
890,Brand_D,Seller_4,Home,939000,3.7,90,939000,seller_delivery,0,40,84510000,3
891,Brand_D,Seller_4,Home,940000,3.8,91,940000,seller_delivery,0,41,85540000,3
892,Brand_D,Seller_4,Home,941000,3.9,92,941000,seller_delivery,0,42,86572000,3
893,Brand_D,Seller_4,Home,942000,4.0,93,942000,seller_delivery,0,43,87606000,3
894,Brand_D,Seller_4,Home,943000,4.1,94,943000,seller_delivery,0,44,88642000,3
895,Brand_D,Seller_4,Home,944000,4.2,95,944000,seller_delivery,0,45,89680000,3
896,Brand_D,Seller_4,Home,945000,4.3,96,945000,seller_delivery,0,46,90720000,3
897,Brand_D,Seller_4,Home,946000,4.4,97,946000,seller_delivery,0,47,91762000,3
898,Brand_D,Seller_4,Home,947000,4.5,98,947000,seller_delivery,0,48,92806000,3
899,Brand_D,Seller_4,Home,948000,4.6,99,948000,seller_delivery,0,49,93852000,3
900,Brand_D,Seller_4,Home,949000,4.7,100,949000,seller_delivery,0,50,94900000,3
901,Brand_E,Seller_4,Sports,950000,4.8,1,950000,seller_delivery,0,1,950000,1
902,Brand_E,Seller_4,Sports,951000,4.9,2,951000,seller_delivery,0,2,1902000,1
903,Brand_E,Seller_4,Sports,952000,5.0,3,952000,seller_delivery,0,3,2856000,1
904,Brand_E,Seller_4,Sports,953000,3.0,4,953000,seller_delivery,0,4,3812000,1
905,Brand_E,Seller_4,Sports,954000,3.1,5,954000,seller_delivery,0,5,4770000,1
906,Brand_E,Seller_4,Sports,955000,3.2,6,955000,seller_delivery,0,6,5730000,1
907,Brand_E,Seller_4,Sports,956000,3.3,7,956000,seller_delivery,0,7,6692000,1
908,Brand_E,Seller_4,Sports,957000,3.4,8,957000,seller_delivery,0,8,7656000,1
909,Brand_E,Seller_4,Sports,958000,3.5,9,958000,seller_delivery,0,9,8622000,1
910,Brand_E,Seller_4,Sports,959000,3.6,10,959000,seller_delivery,0,10,9590000,1
911,Brand_E,Seller_4,Sports,960000,3.7,11,960000,seller_delivery,0,11,10560000,1
912,Brand_E,Seller_4,Sports,961000,3.8,12,961000,seller_delivery,0,12,11532000,1
913,Brand_E,Seller_4,Sports,962000,3.9,13,962000,seller_delivery,0,13,12506000,1
914,Brand_E,Seller_4,Sports,963000,4.0,14,963000,seller_delivery,0,14,13482000,1
915,Brand_E,Seller_4,Sports,964000,4.1,15,964000,seller_delivery,0,15,14460000,1
916,Brand_E,Seller_4,Sports,965000,4.2,16,965000,seller_delivery,0,16,15440000,1
917,Brand_E,Seller_4,Sports,966000,4.3,17,966000,seller_delivery,0,17,16422000,1
918,Brand_E,Seller_4,Sports,967000,4.4,18,967000,seller_delivery,0,18,17406000,1
919,Brand_E,Seller_4,Sports,968000,4.5,19,968000,seller_delivery,0,19,18392000,1
920,Brand_E,Seller_4,Sports,969000,4.6,20,969000,seller_delivery,0,20,19380000,1
921,Brand_E,Seller_4,Sports,970000,4.7,21,970000,seller_delivery,0,21,20370000,1
922,Brand_E,Seller_4,Sports,971000,4.8,22,971000,seller_delivery,0,22,21362000,1
923,Brand_E,Seller_4,Sports,972000,4.9,23,972000,seller_delivery,0,23,22356000,1
924,Brand_E,Seller_4,Sports,973000,5.0,24,973000,seller_delivery,0,24,23352000,1
925,Brand_E,Seller_4,Sports,974000,3.0,25,974000,seller_delivery,0,25,24350000,1
926,Brand_E,Seller_4,Sports,975000,3.1,26,975000,seller_delivery,0,26,25350000,1
927,Brand_E,Seller_4,Sports,976000,3.2,27,976000,seller_delivery,0,27,26352000,1
928,Brand_E,Seller_4,Sports,977000,3.3,28,977000,seller_delivery,0,28,27356000,1
929,Brand_E,Seller_4,Sports,978000,3.4,29,978000,seller_delivery,0,29,28362000,1
930,Brand_E,Seller_4,Sports,979000,3.5,30,979000,seller_delivery,0,30,29370000,1
931,Brand_E,Seller_4,Sports,980000,3.6,31,980000,seller_delivery,0,31,30380000,1
932,Brand_E,Seller_4,Sports,981000,3.7,32,981000,seller_delivery,0,32,31392000,1
933,Brand_E,Seller_4,Sports,982000,3.8,33,982000,seller_delivery,0,33,32406000,1
934,Brand_E,Seller_4,Sports,983000,3.9,34,983000,seller_delivery,0,34,33422000,1
935,Brand_E,Seller_4,Sports,984000,4.0,35,984000,seller_delivery,0,35,34440000,1
936,Brand_E,Seller_4,Sports,985000,4.1,36,985000,seller_delivery,0,36,35460000,1
937,Brand_E,Seller_4,Sports,986000,4.2,37,986000,seller_delivery,0,37,36482000,1
938,Brand_E,Seller_4,Sports,987000,4.3,38,987000,seller_delivery,0,38,37506000,1
939,Brand_E,Seller_4,Sports,988000,4.4,39,988000,seller_delivery,0,39,38532000,1
940,Brand_E,Seller_4,Sports,989000,4.5,40,989000,seller_delivery,0,40,39560000,1
941,Brand_E,Seller_4,Sports,990000,4.6,41,990000,seller_delivery,0,41,40590000,1
942,Brand_E,Seller_4,Sports,991000,4.7,42,991000,seller_delivery,0,42,41622000,1
943,Brand_E,Seller_4,Sports,992000,4.8,43,992000,seller_delivery,0,43,42656000,1
944,Brand_E,Seller_4,Sports,993000,4.9,44,993000,seller_delivery,0,44,43692000,1
945,Brand_E,Seller_4,Sports,994000,5.0,45,994000,seller_delivery,0,45,44730000,1
946,Brand_E,Seller_4,Sports,995000,3.0,46,995000,seller_delivery,0,46,45770000,3
947,Brand_E,Seller_4,Sports,996000,3.1,47,996000,seller_delivery,0,47,46812000,3
948,Brand_E,Seller_4,Sports,997000,3.2,48,997000,seller_delivery,0,48,47856000,3
949,Brand_E,Seller_4,Sports,998000,3.3,49,998000,seller_delivery,0,49,48902000,3
950,Brand_E,Seller_4,Sports,999000,3.4,50,999000,seller_delivery,0,50,49950000,3
951,Brand_E,Seller_4,Sports,1000000,3.5,51,1000000,seller_delivery,0,1,51000000,3
952,Brand_E,Seller_4,Sports,1001000,3.6,52,1001000,seller_delivery,0,2,52052000,3
953,Brand_E,Seller_4,Sports,1002000,3.7,53,1002000,seller_delivery,0,3,53106000,3
954,Brand_E,Seller_4,Sports,1003000,3.8,54,1003000,seller_delivery,0,4,54162000,3
955,Brand_E,Seller_4,Sports,1004000,3.9,55,1004000,seller_delivery,0,5,55220000,3
956,Brand_E,Seller_4,Sports,1005000,4.0,56,1005000,seller_delivery,0,6,56280000,3
957,Brand_E,Seller_4,Sports,1006000,4.1,57,1006000,seller_delivery,0,7,57342000,3
958,Brand_E,Seller_4,Sports,1007000,4.2,58,1007000,seller_delivery,0,8,58406000,3
959,Brand_E,Seller_4,Sports,1008000,4.3,59,1008000,seller_delivery,0,9,59472000,3
960,Brand_E,Seller_4,Sports,1009000,4.4,60,1009000,seller_delivery,0,10,60540000,3
961,Brand_E,Seller_4,Sports,1010000,4.5,61,1010000,seller_delivery,0,11,61610000,1
962,Brand_E,Seller_4,Sports,1011000,4.6,62,1011000,seller_delivery,0,12,62682000,1
963,Brand_E,Seller_4,Sports,1012000,4.7,63,1012000,seller_delivery,0,13,63756000,1
964,Brand_E,Seller_4,Sports,1013000,4.8,64,1013000,seller_delivery,0,14,64832000,1
965,Brand_E,Seller_4,Sports,1014000,4.9,65,1014000,seller_delivery,0,15,65910000,1
966,Brand_E,Seller_4,Sports,1015000,5.0,66,1015000,seller_delivery,0,16,66990000,1
967,Brand_E,Seller_4,Sports,1016000,3.0,67,1016000,seller_delivery,0,17,68072000,3
968,Brand_E,Seller_4,Sports,1017000,3.1,68,1017000,seller_delivery,0,18,69156000,3
969,Brand_E,Seller_4,Sports,1018000,3.2,69,1018000,seller_delivery,0,19,70242000,3
970,Brand_E,Seller_4,Sports,1019000,3.3,70,1019000,seller_delivery,0,20,71330000,3
971,Brand_E,Seller_4,Sports,1020000,3.4,71,1020000,seller_delivery,0,21,72420000,3
972,Brand_E,Seller_4,Sports,1021000,3.5,72,1021000,seller_delivery,0,22,73512000,3
973,Brand_E,Seller_4,Sports,1022000,3.6,73,1022000,seller_delivery,0,23,74606000,3
974,Brand_E,Seller_4,Sports,1023000,3.7,74,1023000,seller_delivery,0,24,75702000,3
975,Brand_E,Seller_4,Sports,1024000,3.8,75,1024000,seller_delivery,0,25,76800000,3
976,Brand_E,Seller_4,Sports,1025000,3.9,76,1025000,seller_delivery,0,26,77900000,3
977,Brand_E,Seller_4,Sports,1026000,4.0,77,1026000,seller_delivery,0,27,79002000,3
978,Brand_E,Seller_4,Sports,1027000,4.1,78,1027000,seller_delivery,0,28,80106000,3
979,Brand_E,Seller_4,Sports,1028000,4.2,79,1028000,seller_delivery,0,29,81212000,3
980,Brand_E,Seller_4,Sports,1029000,4.3,80,1029000,seller_delivery,0,30,82320000,3
981,Brand_E,Seller_4,Sports,1030000,4.4,81,1030000,seller_delivery,0,31,83430000,3
982,Brand_E,Seller_4,Sports,1031000,4.5,82,1031000,seller_delivery,0,32,84542000,3
983,Brand_E,Seller_4,Sports,1032000,4.6,83,1032000,seller_delivery,0,33,85656000,3
984,Brand_E,Seller_4,Sports,1033000,4.7,84,1033000,seller_delivery,0,34,86772000,3
985,Brand_E,Seller_4,Sports,1034000,4.8,85,1034000,seller_delivery,0,35,87890000,3
986,Brand_E,Seller_4,Sports,1035000,4.9,86,1035000,seller_delivery,0,36,89010000,3
987,Brand_E,Seller_4,Sports,1036000,5.0,87,1036000,seller_delivery,0,37,90132000,3
988,Brand_E,Seller_4,Sports,1037000,3.0,88,1037000,seller_delivery,0,38,91256000,3
989,Brand_E,Seller_4,Sports,1038000,3.1,89,1038000,seller_delivery,0,39,92382000,3
990,Brand_E,Seller_4,Sports,1039000,3.2,90,1039000,seller_delivery,0,40,93510000,3
991,Brand_E,Seller_4,Sports,1040000,3.3,91,1040000,seller_delivery,0,41,94640000,3
992,Brand_E,Seller_4,Sports,1041000,3.4,92,1041000,seller_delivery,0,42,95772000,3
993,Brand_E,Seller_4,Sports,1042000,3.5,93,1042000,seller_delivery,0,43,96906000,3
994,Brand_E,Seller_4,Sports,1043000,3.6,94,1043000,seller_delivery,0,44,98042000,3
995,Brand_E,Seller_4,Sports,1044000,3.7,95,1044000,seller_delivery,0,45,99180000,3
996,Brand_E,Seller_4,Sports,1045000,3.8,96,1045000,seller_delivery,0,46,100320000,3
997,Brand_E,Seller_4,Sports,1046000,3.9,97,1046000,seller_delivery,0,47,101462000,3
998,Brand_E,Seller_4,Sports,1047000,4.0,98,1047000,seller_delivery,0,48,102606000,3
999,Brand_E,Seller_4,Sports,1048000,4.1,99,1048000,seller_delivery,0,49,103752000,3
1000,Brand_E,Seller_4,Sports,1049000,4.2,100,1049000,seller_delivery,0,50,104900000,3
